saleID,saleName,salePrice,saleDimensions,saleType,saleQty,saleStatus,sellerID,saleDescription,saleImage
0321719816,gvenm,79,44x5x47,Painting,34,ACTIVE,AGWFBOF3Y2FRX,A solid overview of Dreamweaver CS5,apple.jpg
0321700945,mxzja,96,49x46x75,Painting,43,ACTIVE,ANEDXRFDZDL18,Learn Adobe Photoshop Lightroom 3 by Video (Learn by Video),apple.jpg
0321719824,znjow,89,4x91x78,Collage,98,ACTIVE,A30LRB20LJ19OY,"A helpful introduction to Flash CS5 - a bit dry, perhaps, but very clear and useful explanations and",apple.jpg
0763855553,wvvjl,78,56x75x86,Painting,1,ACTIVE,A1JJM6COMQOO4Y,A disappointment,apple.jpg
0982697813,lrcww,68,71x94x19,Other,17,ACTIVE,A6U423ORF4SZL,"Glo is good to go with its improvements to the software so you can ""Experience the Bible Like Never ",apple.jpg
1413313701,ptzvt,73,75x95x90,Sculpture,18,ACTIVE,A2QK6CWANYGXTB,Just what I needed,apple.jpg
1413313728,egwii,1,97x20x49,Printmaking,98,ACTIVE,A19RW25Q6206I3,A bunch of outdated eBooks in a confusing arrangement,apple.jpg
1426296355,towju,86,14x68x29,Other,23,ACTIVE,A2QNPH5TJ4QKN7,Read it daily,apple.jpg
1600775411,vzvqi,66,73x93x77,Drawing,87,ACTIVE,A14HDK1OLFYMVM,Liked it,apple.jpg
1615354336,abywc,33,70x19x88,Printmaking,65,ACTIVE,A2DXENZNO2JT4F,Britannica's Reference Galaxy 2011,apple.jpg
B00003IRBU,gzigl,65,21x97x51,Sculpture,48,ACTIVE,A3KCKECEO3E2AN,Amazing kickoff for the series.,apple.jpg
B00003JAU9,wecav,93,82x82x59,Printmaking,97,ACTIVE,A33LKRMLTQUWQA,"Boots fast, is rock-solid compared to other Microsoft OS",apple.jpg
B00003IRBV,effkx,57,59x13x39,Painting,50,ACTIVE,A30LRB20LJ19OY,Stay Tuned for Improvement,apple.jpg
B00003JAU7,nojsx,28,44x12x56,Other,5,ACTIVE,A2F2Y0BJS7V49Y,"the best version of Windows, bar none",apple.jpg
B00004TYCR,zvcsu,4,42x51x12,Photography,50,ACTIVE,A1U1G73EI5IRZF,An Excellent Tool for Creative Writers,apple.jpg
B00004W62O,nfdvl,45,30x77x94,Other,47,ACTIVE,A1JJM6COMQOO4Y,Not too bad,apple.jpg
B000050HEI,alils,100,17x75x33,Printmaking,42,ACTIVE,A2WM1KL9DQSQ18,Keep 'em coming!,apple.jpg
B000050ZRE,maars,44,5x3x37,Printmaking,88,ACTIVE,A14HDK1OLFYMVM,"Good product, which is very easy to setup and use",apple.jpg
B00005AC56,vfskf,76,68x52x37,Printmaking,49,ACTIVE,AO0DSC1DYT834,Don't bother. Support bites! They only seem to want you to upgrade to latest version,apple.jpg
B00005AFI2,mtesq,80,5x71x85,Sculpture,92,ACTIVE,A1Y85GQ09Y95JL,Frontpage is a great help!,apple.jpg
B00005AFI1,nywzm,27,82x41x30,Printmaking,33,ACTIVE,AQZ4PHIEEV5N5,Patience is a virtue!!!,apple.jpg
B00005AFI4,qkyxr,31,69x72x91,Photography,39,ACTIVE,APFOCDQF9YXJT,What the problem?,apple.jpg
B00005LBVS,xvppc,68,20x79x34,Painting,12,ACTIVE,A1YA56JGZHKNS2,Fun fun fun,apple.jpg
B00005LVWL,oevnx,51,74x19x41,Painting,75,ACTIVE,A8SPPHKETDZ41,Another mystery? Yay!,apple.jpg
B00005MOTH,sscwi,92,59x82x73,Drawing,35,ACTIVE,A2DXENZNO2JT4F,Win XP  reveiw,apple.jpg
B00005MOTG,mnooc,14,21x67x66,Drawing,43,ACTIVE,A1MDDJ2XUPZZOE,Upgrades are never as good,apple.jpg
B00005MOTE,cmrhw,34,8x80x97,Sculpture,27,ACTIVE,A1GNYKVAT4ZHT1,WORKED,apple.jpg
B00005N6K4,bchtw,18,72x60x98,Photography,88,ACTIVE,A1MDDJ2XUPZZOE,Excellent Protection,apple.jpg
B00005MOTF,qusle,71,10x84x34,Collage,54,ACTIVE,A39SHLNGZSJHNJ,The Best of Microsoft's Operating Systems To Date...,apple.jpg
B00005NCJ3,pcnko,18,6x81x29,Photography,6,ACTIVE,AO0DSC1DYT834,Great photo editing software,apple.jpg
B00005NZ5Z,nwvbb,75,45x4x91,Drawing,53,ACTIVE,A2SMRVTSGNNZF0,Set and forget safety,apple.jpg
B00005OA45,raqqf,27,69x6x63,Sculpture,20,ACTIVE,A19RW25Q6206I3,Still the easiest and best by far,apple.jpg
B000066ST3,vggvz,26,99x81x34,Photography,33,ACTIVE,A6U423ORF4SZL,"YOU CAUGHT ME RED-HANDED! YES, I WAS A LITTLE BORED",apple.jpg
B000069IL2,xrype,53,60x22x93,Collage,95,ACTIVE,A1PMW3A3WBYS23,Three words:  FREE BILL PAY,apple.jpg
B00006F7S2,rligh,93,100x97x40,Collage,91,ACTIVE,AO0DSC1DYT834,Best Keeps Getting Better,apple.jpg
B00006FI0N,qixvw,55,71x19x90,Photography,48,ACTIVE,A2N2XU3U2LYUZS,Works beautifully on XP,apple.jpg
B00006FI0Z,fzuap,95,18x42x3,Drawing,49,ACTIVE,A1PMW3A3WBYS23,Listen to the Negative folks....The have a real Axe to grind,apple.jpg
B00006J3FM,gnnvz,8,14x35x68,Painting,52,ACTIVE,A2QNPH5TJ4QKN7,Virus software is a must,apple.jpg
B00006OAQU,ukyqy,77,40x50x74,Photography,40,ACTIVE,A2QK6CWANYGXTB,Five Stars,apple.jpg
B00006ULHT,avysa,16,79x13x19,Other,89,ACTIVE,AM13JILBPTHYF,Keeps Getting Better,apple.jpg
B0000AZJVC,btvyx,45,77x39x43,Printmaking,94,ACTIVE,A1PMW3A3WBYS23,"Five starts is debatable, its utility is not.",apple.jpg
B0000BX73E,ylnac,88,72x14x59,Other,1,ACTIVE,A1U1G73EI5IRZF,"A mixed bag...nice features, but seems to bug laden",apple.jpg
B0000BZ54V,oiwiy,98,22x58x70,Printmaking,37,ACTIVE,A2QNPH5TJ4QKN7,Still the best word processor for Windows.,apple.jpg
B0000C8XYO,tsuhs,25,56x59x42,Painting,2,ACTIVE,A2QOMZA6Z2S9O0,Minus 10 stars! Ourageous Activation Scheme!!!!!,apple.jpg
B0000C8XYI,fmwfk,17,55x55x41,Printmaking,92,ACTIVE,A1BT6TL7UCIC5Y,Best antivirus I have tried,apple.jpg
B0000C8Y0W,qkpwe,33,33x63x3,Printmaking,75,ACTIVE,A2SMRVTSGNNZF0,Bloated and Outdated. Don't buy if you have XP!,apple.jpg
B0000CEM5O,knvcn,3,86x15x90,Photography,60,ACTIVE,A3TFJE04LTJDLI,Nancy makes a splash in the Pacific Northwest!!,apple.jpg
B0000E6NK9,tpury,81,12x76x20,Other,42,ACTIVE,A3U7J61Z9UERWQ,The next step forward.,apple.jpg
B0001F0XHE,wpzjf,100,17x83x78,Photography,14,ACTIVE,ANEDXRFDZDL18,Good spyware program but...,apple.jpg
B0001FS9NE,qptcl,42,29x17x20,Printmaking,75,ACTIVE,A1PMW3A3WBYS23,Great for the you boys for their computer center in ...,apple.jpg
B0001WN16M,fpujh,44,9x70x13,Other,92,ACTIVE,A33WFRICMYRPT6,What I liked about it wasn't the typical things you'd expect-but I'm not a typical user.,apple.jpg
B0001XLSG6,asbfm,39,71x43x37,Sculpture,88,ACTIVE,A2E6P8E66HNRRC,This is the game where the chores aren't a bore.,apple.jpg
B00022PTI4,fsefs,100,32x98x6,Photography,11,ACTIVE,A3RZOPQ42Q50B1,My Favorite,apple.jpg
B00022PTRU,gkvkm,97,5x61x60,Sculpture,58,ACTIVE,AM13JILBPTHYF,Beware of Amazon and the ghost of PBJWORLD,apple.jpg
B00022PTT8,dzcjg,86,22x10x98,Photography,65,ACTIVE,A2CZXRWXCCN9JX,SP 2 works fine for me,apple.jpg
B00025O87E,qewnq,58,12x66x100,Sculpture,63,ACTIVE,A33LKRMLTQUWQA,Excellent program that works well,apple.jpg
B0002D12D4,qrhpw,17,16x39x51,Collage,44,ACTIVE,A2DXENZNO2JT4F,Stick with your old version and use it to track the savings,apple.jpg
B0002G71T0,dmnjw,31,62x12x10,Other,77,ACTIVE,A19RW25Q6206I3,Okay. Wow.,apple.jpg
B0002UCSKI,gzhtv,26,19x51x10,Other,84,ACTIVE,A1MDDJ2XUPZZOE,Bloatware at its best; Resource hog especially with older computers,apple.jpg
B0002UCJV6,vgbpr,31,62x63x98,Collage,97,ACTIVE,A5IA80HMZ8P34,Get it if your subscriptions up!,apple.jpg
B0002ZALES,bvlws,35,85x38x33,Painting,90,ACTIVE,AI5OR1HSYXCCL,Puzzles Galore,apple.jpg
B00062VOW0,rdnof,5,96x54x16,Printmaking,13,ACTIVE,A19RW25Q6206I3,Do Not Buy,apple.jpg
B0006460RM,phmad,74,92x42x81,Photography,51,ACTIVE,A2QK6CWANYGXTB,Not very user-friendly,apple.jpg
B00068IBZW,sbiie,16,58x94x35,Collage,18,ACTIVE,A33WFRICMYRPT6,Better Than Norton And McAfee,apple.jpg
B00099YLPM,zrbyq,3,52x52x18,Painting,96,ACTIVE,A38Z11QP8B702T,Fine until the Light Stone quits or you lose the disk!!,apple.jpg
B0009WA0P4,ahbqh,3,44x63x12,Printmaking,79,ACTIVE,A1GNYKVAT4ZHT1,Outstanding!,apple.jpg
B0009X6QJM,esitp,23,37x76x21,Painting,36,ACTIVE,A33WFRICMYRPT6,Love ND Games; this one is just average.,apple.jpg
B000A6M8QI,ftrks,8,23x6x96,Painting,31,ACTIVE,A3U7J61Z9UERWQ,Wonderful Game!,apple.jpg
B000AOBSTS,smyho,95,7x43x44,Printmaking,19,ACTIVE,A3A5HLFUJ5WU2B,Worth the price if you get it on sale...,apple.jpg
B000AOGDM0,ntxlx,66,60x14x75,Sculpture,53,ACTIVE,A1BT6TL7UCIC5Y,Good news and bad news.,apple.jpg
B000AP2X1E,moofa,72,14x62x100,Collage,6,ACTIVE,ANEDXRFDZDL18,The Ultimate Disk Burning Suite,apple.jpg
B000B5I0O2,fknba,80,24x48x8,Other,69,ACTIVE,ANEDXRFDZDL18,Essential Firewall Security,apple.jpg
B000B5NS2G,xfcta,43,27x46x16,Other,44,ACTIVE,A38Z11QP8B702T,Norton Internet Security 2006 [Old Version,apple.jpg
B000B6N2O4,pybal,44,45x84x46,Printmaking,36,ACTIVE,A33LKRMLTQUWQA,"Excellent for removal of the toughest spyware,adware malware and fights rootkits,most prorams ignore",apple.jpg
B000B8K7SG,tjazz,61,58x49x87,Collage,39,ACTIVE,A1Y85GQ09Y95JL,I buy it every year,apple.jpg
B000BAT2TE,vggph,84,53x66x35,Other,16,ACTIVE,A1GNYKVAT4ZHT1,A Risky Program,apple.jpg
B000BAV2FG,scjyb,13,65x34x50,Printmaking,90,ACTIVE,A2CZXRWXCCN9JX,poor customer service get out your credit card to get their product to work,apple.jpg
B000BAWLS8,avsto,65,40x2x78,Printmaking,86,ACTIVE,A3RZOPQ42Q50B1,Fifty Bucks A Year To Renew Virus Definitions,apple.jpg
B000BQXTSS,vcdhp,70,40x56x30,Photography,75,ACTIVE,A8SPPHKETDZ41,Almost Perfect!!!,apple.jpg
B000BX5JQG,zdiky,50,84x29x71,Photography,44,ACTIVE,AR7RVZZQDW6B3,Great!,apple.jpg
B000CE9IAM,zokkm,95,23x5x85,Painting,100,ACTIVE,APFOCDQF9YXJT,TurboTax Made My Day,apple.jpg
B000EORV8Q,ulanl,20,59x38x67,Drawing,46,ACTIVE,A2CZXRWXCCN9JX,Doesn't Make Sense.,apple.jpg
B000ES4PYU,cofuj,6,88x100x44,Sculpture,26,ACTIVE,A3U7J61Z9UERWQ,Time to look elsewhere,apple.jpg
B000FA36WY,mksyl,72,94x45x24,Printmaking,73,ACTIVE,A3A5HLFUJ5WU2B,Stable and reliable product,apple.jpg
B000FK88JK,dzmjc,87,26x48x49,Sculpture,90,ACTIVE,A3CW4T7GIS1X9C,Get it and you won't be disappointed.,apple.jpg
B000GHIV2Q,vivbf,96,61x88x83,Printmaking,19,ACTIVE,A1PMW3A3WBYS23,"Very Fast Windows Emulation, Some Games Don't Work",apple.jpg
B000GI0HR2,owpwk,8,97x38x82,Printmaking,47,ACTIVE,A1MG5GVUOFFZY5,As Usual Few Changes Made,apple.jpg
B000GHV6N2,rsxmb,43,74x43x53,Drawing,15,ACTIVE,A2E6P8E66HNRRC,look elsewhere,apple.jpg
B000GUDDXA,loggp,9,38x10x84,Collage,45,ACTIVE,A33LKRMLTQUWQA,dragonspeak,apple.jpg
B000H2049I,lwzvu,71,60x38x25,Collage,6,ACTIVE,A2SMRVTSGNNZF0,Leaps and Bounds Ahead of the Old Versions,apple.jpg
B000HCTYTO,cbwkn,93,60x13x86,Drawing,3,ACTIVE,A2QOMZA6Z2S9O0,Don't Get Suckered By Microsoft,apple.jpg
B000HCTY1W,lozci,85,10x87x18,Collage,31,ACTIVE,ABOTQXNUBA1MM,Finally a true upgrade!,apple.jpg
B000HCTYRG,qtaup,97,67x38x36,Sculpture,54,ACTIVE,AGWFBOF3Y2FRX,Still an excellent product!,apple.jpg
B000HCTYSA,qhyyc,79,76x30x53,Printmaking,44,ACTIVE,A2N2XU3U2LYUZS,Finally drove me into the arms of Apple,apple.jpg
B000HCXKLC,lgcsf,3,94x54x51,Photography,62,ACTIVE,AHUT55E980RDR,Five Stars,apple.jpg
B000HCVR3A,nenff,21,78x69x91,Photography,9,ACTIVE,A3RZOPQ42Q50B1,License allows an additional laptop install,apple.jpg
B000HCVR3K,nnpxj,54,100x1x71,Sculpture,70,ACTIVE,A39SHLNGZSJHNJ,A DOWNGRADE from Office 2003,apple.jpg
B000HCVR30,tcvlx,49,81x28x40,Painting,98,ACTIVE,A3U7J61Z9UERWQ,Seller Game Me My Money Back,apple.jpg
B000HCXKJY,bqkvc,13,62x83x30,Collage,28,ACTIVE,A1MG5GVUOFFZY5,Great Office Management Tool / Pricey,apple.jpg
B000HCZ9AW,lzwbw,65,93x4x13,Sculpture,52,ACTIVE,A1BT6TL7UCIC5Y,5 years for this ?,apple.jpg
B000HCZ8EO,esjsz,24,60x33x88,Sculpture,57,ACTIVE,A2F2Y0BJS7V49Y,Great,apple.jpg
B000HCZ9BG,lzoxr,14,26x41x17,Printmaking,88,ACTIVE,A1U1G73EI5IRZF,STILL over 3 yrs. left..,apple.jpg
B000HCXKKS,fpooo,87,15x15x29,Photography,1,ACTIVE,ANEDXRFDZDL18,So glad it's still available. 2010 broke integrated products,apple.jpg
B000HCTYTE,uqxsh,11,92x100x90,Collage,16,ACTIVE,A4EJM72NKO4YM,still over 3 yrs. left..,apple.jpg
B000HE4OJM,clgbs,91,42x99x29,Painting,79,ACTIVE,A2H667ZUNLNTF1,Finally a Great Antivirus!,apple.jpg
B000I4RMFE,yuzeb,99,56x67x87,Photography,82,ACTIVE,AO0DSC1DYT834,Finally the updated Nero 7 works and Nero is back. Best burning rom. Works on VISTA!,apple.jpg
B000IAOIXW,utvrq,95,43x62x10,Drawing,2,ACTIVE,A6U423ORF4SZL,An improved version of 2006.with all the pain and suffering carried over to 2007!!,apple.jpg
B000IAMRXK,bncdv,25,47x36x66,Collage,44,ACTIVE,A3TFJE04LTJDLI,Bad Product,apple.jpg
B000JD3AIW,khhyz,53,3x89x38,Photography,53,ACTIVE,A2CZXRWXCCN9JX,Turbo Tax 2006 is the BEST,apple.jpg
B000K2P9HM,qneao,8,6x55x33,Painting,5,ACTIVE,A3U7J61Z9UERWQ,"Before you buy, read this!",apple.jpg
B000LP6JKY,diexg,74,42x82x60,Drawing,49,ACTIVE,A3KCKECEO3E2AN,ok but not great...,apple.jpg
B000NA780M,qjyow,50,17x17x1,Collage,80,ACTIVE,A2SMRVTSGNNZF0,"May work well in the future, but avoid Symantec's online store",apple.jpg
B000NKPFD4,dmwor,44,39x94x61,Other,42,ACTIVE,ABOTQXNUBA1MM,"SO FAR, SO GOOD",apple.jpg
B000PC1IR2,dnkaf,57,41x59x83,Collage,15,ACTIVE,AR7RVZZQDW6B3,Not for crunching retail DVDs,apple.jpg
B000Q1N7FS,tnvle,7,16x13x16,Other,79,ACTIVE,A1MG5GVUOFFZY5,So sad ZoneAlarm used to be a very good software,apple.jpg
B000Q1OTTG,omken,33,68x25x62,Collage,91,ACTIVE,A19RW25Q6206I3,IBank is solid and helpful.,apple.jpg
B000Q6ZK3K,fcqgv,100,89x30x90,Painting,26,ACTIVE,A2QNPH5TJ4QKN7,This is great software for those who haven't taken the plunge into Windows 8 and later...,apple.jpg
B000T9LUB0,tmyxv,6,68x15x98,Collage,50,ACTIVE,A2SMRVTSGNNZF0,Terrible Anti-Virus Solution,apple.jpg
B000T9LUBU,cfkzp,54,22x22x18,Collage,83,ACTIVE,A1GNYKVAT4ZHT1,Past experience should be a warning,apple.jpg
B000TME1K4,qwtvf,29,76x35x7,Drawing,47,ACTIVE,A2DXENZNO2JT4F,McAfee -- great protection little annoyance,apple.jpg
B000TME1KE,kjkba,62,44x78x34,Painting,75,ACTIVE,APFOCDQF9YXJT,"Works great, but sometimes a bit slow.",apple.jpg
B000TMHZX4,ddggz,23,70x66x63,Painting,73,ACTIVE,A3U7J61Z9UERWQ,Decent Security for Novices of PC,apple.jpg
B000U0I11A,bpmoz,96,10x20x97,Sculpture,94,ACTIVE,AQZ4PHIEEV5N5,If you're considering jumping into Quicken,apple.jpg
B000U818N0,dmyhw,38,97x20x74,Other,100,ACTIVE,A2H667ZUNLNTF1,So far so good,apple.jpg
B000UJUJ7U,qmajc,49,63x69x36,Collage,77,ACTIVE,A1PMW3A3WBYS23,A Complete Media Software Package,apple.jpg
B000V6YPAY,svqrz,57,99x11x69,Photography,96,ACTIVE,A30LRB20LJ19OY,Live one... boy that title fits,apple.jpg
B000V9YXJ4,ptmaz,60,99x67x56,Drawing,35,ACTIVE,ABOTQXNUBA1MM,"A Good Product, but hardly worth the upgrade price",apple.jpg
B000VJTL1Y,muntf,44,23x44x17,Other,100,ACTIVE,A2QOMZA6Z2S9O0,PAINT SHOP PRO,apple.jpg
B000VLZCEW,kvsii,2,58x64x33,Printmaking,72,ACTIVE,A2QNPH5TJ4QKN7,"Bailed me out in a disaster, but needs constant baby sitting (lots of problems)",apple.jpg
B000VQ7HO0,srvzk,29,98x76x70,Other,100,ACTIVE,A30LRB20LJ19OY,Save yourself some grief,apple.jpg
B000VQ8AM8,ckqfi,27,89x95x44,Printmaking,40,ACTIVE,AHUT55E980RDR,Ouch!  I'm a loyal Norton user.,apple.jpg
B000VVC01A,qfahx,28,64x47x57,Drawing,6,ACTIVE,A2E6P8E66HNRRC,Why get anything else?  Bug free and SOLID performance!,apple.jpg
B000VWW8QQ,thdut,60,22x67x86,Other,61,ACTIVE,A6U423ORF4SZL,The Connected Home Is Now  A Reality,apple.jpg
B0000AZJY6,dzxkx,100,43x71x22,Collage,64,ACTIVE,AHUT55E980RDR,Couldn't be better!,apple.jpg
B000W3QKQS,emsmm,97,19x78x90,Other,46,ACTIVE,A14HDK1OLFYMVM,Awesome!,apple.jpg
B000W3QKOA,qhrmi,3,84x63x99,Painting,61,ACTIVE,AGWFBOF3Y2FRX,math calculalations,apple.jpg
B000W3RSGE,ykeof,88,91x22x84,Collage,74,ACTIVE,A2E6P8E66HNRRC,The version of Deluxe with both Federal and State,apple.jpg
B000W3T6S2,tdsbh,100,94x19x20,Photography,98,ACTIVE,ABOTQXNUBA1MM,Killing the goose that lays the golden eggs,apple.jpg
B000W3QKMW,dkkfo,19,83x8x100,Painting,87,ACTIVE,A2CZXRWXCCN9JX,Turbo Good,apple.jpg
B000W3T6NM,rgifb,75,88x42x69,Painting,33,ACTIVE,A2Y03QL006JMF2,Easy to Use. Complete. Professional.,apple.jpg
B000W5LT8A,gykgx,38,28x8x14,Printmaking,55,ACTIVE,A6U423ORF4SZL,"Great story, fun puzzles",apple.jpg
B000WCQCE4,uijkk,95,12x67x23,Photography,29,ACTIVE,A3CW4T7GIS1X9C,Love this program,apple.jpg
B000WEJYM4,zilgd,78,47x76x3,Collage,45,ACTIVE,A3KCKECEO3E2AN,Business Contacts get organized but Outlook falls behind.,apple.jpg
B000WEG0H6,zrtqw,38,72x13x89,Drawing,59,ACTIVE,A8SPPHKETDZ41,Five Stars,apple.jpg
B000WF100C,letvv,68,22x56x22,Printmaking,10,ACTIVE,A1MDDJ2XUPZZOE,"Very good, inexpensive backup software.",apple.jpg
B000WMQYLA,ujfke,30,10x75x75,Collage,37,ACTIVE,A1PMW3A3WBYS23,Huge Time Saver,apple.jpg
B000WMUHEU,xotve,44,93x1x92,Printmaking,62,ACTIVE,A1MDDJ2XUPZZOE,Old Old,apple.jpg
B000WPWYJS,ywmjm,52,88x19x41,Photography,57,ACTIVE,A1PMW3A3WBYS23,Don't count on H&R Block for support,apple.jpg
B000WQ10LK,ksogs,98,62x48x95,Photography,56,ACTIVE,AO0DSC1DYT834,Very fast delivery,apple.jpg
B000WPYZEA,glprs,64,89x19x61,Photography,88,ACTIVE,A1BT6TL7UCIC5Y,Huge price increase for average software,apple.jpg
B000WR2F2M,nfckk,20,57x48x11,Photography,52,ACTIVE,A2N2XU3U2LYUZS,NO VBA!!!!!!!!!!!,apple.jpg
B000WR2F3G,zknpb,35,37x78x32,Painting,27,ACTIVE,A2F2Y0BJS7V49Y,NO VBA!!!!!!!!!!!,apple.jpg
B000WS1590,shkdi,4,64x52x89,Collage,63,ACTIVE,A1GNYKVAT4ZHT1,NO VBA!!!!!!!!!!!,apple.jpg
B000WY1Q5M,znydx,52,70x28x63,Other,93,ACTIVE,A3FBTJCCNQXW2U,Easy installation,apple.jpg
B000WY20ZM,tfvwi,51,80x58x44,Other,18,ACTIVE,A1WBEIH7Z37LN9,More than enough,apple.jpg
B000X86ZAS,ybitf,84,57x31x81,Photography,10,ACTIVE,A3RZOPQ42Q50B1,Warning - Features Taken Out of Excel,apple.jpg
B000XB21JY,wdild,90,32x31x83,Painting,70,ACTIVE,AQZ4PHIEEV5N5,Four Stars,apple.jpg
B000XHE0Q0,eswnu,90,83x77x88,Photography,43,ACTIVE,A1YA56JGZHKNS2,Interesting update to Office 2004,apple.jpg
B000XJLSKY,rwbfm,56,28x53x15,Collage,14,ACTIVE,A1MDDJ2XUPZZOE,Ubuntu is the best,apple.jpg
B000XS9YJW,vtabl,6,87x56x56,Other,30,ACTIVE,A1MG5GVUOFFZY5,Hallmark cards Studio,apple.jpg
B000XYUSMI,oqmyz,17,43x76x43,Sculpture,75,ACTIVE,A19RW25Q6206I3,Great product,apple.jpg
B000Y7Y6IQ,wytpq,68,62x66x10,Painting,98,ACTIVE,A33LKRMLTQUWQA,For the small business owner,apple.jpg
B000Z3DXT2,xltkz,76,69x10x30,Painting,84,ACTIVE,A2QK6CWANYGXTB,A medium priced software that delivers a high end punch.,apple.jpg
B000Z3GSXK,yssko,16,33x3x59,Other,46,ACTIVE,A2F2Y0BJS7V49Y,Good solution for non-professional AVCHD editing on Macs,apple.jpg
B000ZH8YM4,rxpgv,17,7x51x19,Other,70,ACTIVE,A19RW25Q6206I3,family tree,apple.jpg
B000ZQAS0Q,fjrnf,96,50x24x30,Painting,47,ACTIVE,A30LRB20LJ19OY,Okay Product,apple.jpg
B0010YBZ1I,fgkqp,40,33x22x6,Collage,63,ACTIVE,A2CZXRWXCCN9JX,Minor complaints aside - this program really delivers!,apple.jpg
B00111A1BU,ekokz,94,76x40x38,Painting,98,ACTIVE,A2E6P8E66HNRRC,UNCERTAIN,apple.jpg
B00111DJQ4,nfdly,16,80x76x57,Photography,43,ACTIVE,A3FBTJCCNQXW2U,This is Malware,apple.jpg
B00113O0PQ,cgmqr,36,99x20x13,Collage,81,ACTIVE,A14HDK1OLFYMVM,A Must Needed Protection!,apple.jpg
B0011DM0IA,ygeua,20,90x65x91,Sculpture,36,ACTIVE,A1YA56JGZHKNS2,A little disappointed.,apple.jpg
B00123WD40,hgppx,1,61x21x45,Painting,5,ACTIVE,A3U7J61Z9UERWQ,Excellent Database Software for the Apple Mac,apple.jpg
B0012KZKZC,fskuq,76,44x21x38,Sculpture,30,ACTIVE,A19RW25Q6206I3,Still prefer Photoshop,apple.jpg
B0012RAVRC,wmqih,42,28x40x76,Drawing,84,ACTIVE,AI5OR1HSYXCCL,Steve Balmer can I please come home...,apple.jpg
B0012VI1ES,hakkt,12,5x9x15,Sculpture,97,ACTIVE,A30LRB20LJ19OY,Four Stars,apple.jpg
B0012VKK8I,rlwdw,82,67x13x3,Photography,100,ACTIVE,A38Z11QP8B702T,Disk doesn't match case,apple.jpg
B0012VT0PM,utrog,37,49x75x6,Other,52,ACTIVE,A1WBEIH7Z37LN9,Exceeded Expectations!,apple.jpg
B001329LRW,xkrzl,46,8x78x79,Painting,25,ACTIVE,A2SMRVTSGNNZF0,Save your money,apple.jpg
B001327K8O,evcvd,16,58x12x55,Painting,68,ACTIVE,A38Z11QP8B702T,Selling Software Before Its Time,apple.jpg
B0013A5GGE,xijmr,32,45x80x68,Other,87,ACTIVE,A2N2XU3U2LYUZS,"So close, but so far",apple.jpg
B0013FBFG4,ebylh,11,28x40x26,Photography,4,ACTIVE,A2N2XU3U2LYUZS,Love It,apple.jpg
B0013IRKCY,bctik,84,2x23x17,Other,18,ACTIVE,AHUT55E980RDR,"Watch Out Dreamweaver, There is a New Boss In Town",apple.jpg
B0013MCZRK,noncc,74,61x36x43,Other,74,ACTIVE,A1BT6TL7UCIC5Y,outstanding,apple.jpg
B0013O54OE,ghevk,75,64x12x34,Drawing,2,ACTIVE,A4EJM72NKO4YM,"Great OS, SP1 fixes alot.",apple.jpg
B0013O98SW,rdsre,29,47x26x54,Photography,38,ACTIVE,A39SHLNGZSJHNJ,Vista in all its Incarnations is Prettiest Garbage You Will Ever Hate!,apple.jpg
B0013OAHTG,sbsga,44,66x62x53,Sculpture,85,ACTIVE,A1JJM6COMQOO4Y,Why so slow?,apple.jpg
B0013OBXLM,xzgew,47,37x78x29,Sculpture,54,ACTIVE,A2H667ZUNLNTF1,"works well, but poor interface",apple.jpg
B0013O54P8,xfbtk,77,84x31x39,Photography,45,ACTIVE,AO0DSC1DYT834,Junk.,apple.jpg
B0013OBXPI,kitzb,99,66x87x61,Photography,25,ACTIVE,AQZ4PHIEEV5N5,Use Vista at Home; I'd Rather Have A Root Canal Without Pain Medicine.,apple.jpg
B0013O77D0,btffm,84,58x81x19,Collage,31,ACTIVE,ANEDXRFDZDL18,Cleanly Installed over XP,apple.jpg
B0013O98PK,kkssw,38,100x31x72,Other,76,ACTIVE,A2N2XU3U2LYUZS,"Crashes, under performs and is just lousy.",apple.jpg
B0013WO6QS,rhizl,50,12x37x93,Printmaking,40,ACTIVE,A1JJM6COMQOO4Y,Norton 360,apple.jpg
B0013YFI68,cqyga,28,66x61x15,Drawing,53,ACTIVE,ABOTQXNUBA1MM,"Worked fine, even with Vista.",apple.jpg
B0013YHNEI,xevrk,61,99x56x1,Printmaking,60,ACTIVE,AI5OR1HSYXCCL,Has problems that need to be addressed,apple.jpg
B0014GBX64,tqson,25,92x49x2,Drawing,25,ACTIVE,A2H667ZUNLNTF1,Warning! You probably won't get the updates you're paying for,apple.jpg
B0014KJ6EQ,jernr,34,4x30x57,Sculpture,72,ACTIVE,A8SPPHKETDZ41,"Good Quality Software, Bad Quality Headphones",apple.jpg
B0014X2UAK,lriym,31,6x18x72,Drawing,34,ACTIVE,A14HDK1OLFYMVM,Works on my old PPC Mac,apple.jpg
B0014X4MWO,ndved,84,65x47x71,Photography,3,ACTIVE,A30LRB20LJ19OY,See it  Snagit  keep it,apple.jpg
B0014X4O7C,uctkz,77,23x18x3,Other,89,ACTIVE,A33WFRICMYRPT6,Apple ilife,apple.jpg
B0014X5XEK,latqi,45,13x60x73,Drawing,60,ACTIVE,APFOCDQF9YXJT,The value of iLife varies depending on your needs,apple.jpg
B0014ZQMXO,mjezx,22,69x25x34,Photography,98,ACTIVE,A2QOMZA6Z2S9O0,Five Stars,apple.jpg
B0015DGGHM,tufmr,79,50x67x33,Photography,3,ACTIVE,A2QK6CWANYGXTB,Microsoft Expression Web 2 Upgrade,apple.jpg
B0015GKRKG,kywsx,19,87x47x31,Collage,23,ACTIVE,A1PMW3A3WBYS23,Pro 8 is a very good deal,apple.jpg
B0015T5Q86,sgusr,12,23x70x15,Photography,51,ACTIVE,A33WFRICMYRPT6,FINALLY! A SECURITY SUITE THAT DELIVERS!,apple.jpg
B001676QOU,spzze,91,100x45x8,Other,56,ACTIVE,AI5OR1HSYXCCL,Worse than free share-ware,apple.jpg
B0016P9KWC,eebrw,96,36x100x13,Other,38,ACTIVE,A1MG5GVUOFFZY5,Five Stars,apple.jpg
B0016PV4NA,stqjv,70,70x97x11,Collage,4,ACTIVE,AI5OR1HSYXCCL,Good Product - satisfied with customer support,apple.jpg
B0016ZOUUO,psvuv,72,62x57x70,Photography,34,ACTIVE,A4EJM72NKO4YM,Not compatible with smart phones...,apple.jpg
B0017I3DOY,jtuln,31,39x51x92,Printmaking,69,ACTIVE,A2DXENZNO2JT4F,"Not perfect, but close",apple.jpg
B0017I8NQM,pbraa,90,88x69x81,Collage,45,ACTIVE,A3U7J61Z9UERWQ,Very good,apple.jpg
B0017I1IQY,bmdlr,83,90x28x87,Sculpture,2,ACTIVE,A33WFRICMYRPT6,The Better Wordprocessor,apple.jpg
B0017KEA6W,fmfyp,66,4x21x60,Printmaking,60,ACTIVE,A33LKRMLTQUWQA,I was pleased with the,apple.jpg
B0017NWWUA,cpxqn,93,76x48x36,Collage,58,ACTIVE,AR7RVZZQDW6B3,Four Stars,apple.jpg
B0017UBJBG,jtmjh,49,18x71x21,Printmaking,95,ACTIVE,A39SHLNGZSJHNJ,Good Photo Editor,apple.jpg
B0017UDNQU,xbysd,36,59x30x39,Printmaking,56,ACTIVE,A3CW4T7GIS1X9C,Good Software for the Price,apple.jpg
B0017W8BQU,wjflw,51,26x49x39,Collage,70,ACTIVE,A2QOMZA6Z2S9O0,Good Product As Long As You Know When You Will Use It,apple.jpg
B0018EI3I8,zkdzl,3,10x20x54,Printmaking,40,ACTIVE,A2DXENZNO2JT4F,"Great for the PC beginner, or PC GOD! This is the one AV suite to rule them all.",apple.jpg
B0018EI3HY,bnodg,21,22x39x94,Painting,37,ACTIVE,APFOCDQF9YXJT,Very good software,apple.jpg
B0018EI3H4,lvfvy,69,58x22x39,Other,62,ACTIVE,A2CZXRWXCCN9JX,"Decent software, but inferior to free versions",apple.jpg
B001AFD20E,bwqim,100,100x18x22,Other,57,ACTIVE,ANEDXRFDZDL18,Easy to Use,apple.jpg
B001AFCWBO,invag,22,27x10x35,Photography,23,ACTIVE,A2SMRVTSGNNZF0,Best way to learn a new language!,apple.jpg
B001AFFRM0,pupzs,48,38x65x36,Other,99,ACTIVE,A14HDK1OLFYMVM,Not Your High School German Class,apple.jpg
B001AFD8XK,bwboq,63,76x6x68,Painting,30,ACTIVE,A2F2Y0BJS7V49Y,As advertised,apple.jpg
B001AFFZM2,hyeot,6,37x51x45,Photography,49,ACTIVE,AM13JILBPTHYF,Excellent Language Learning Software - Although Different from Classical Language Learning,apple.jpg
B001AFFYSW,dklka,30,25x66x56,Printmaking,13,ACTIVE,AM13JILBPTHYF,The only better method to learn a language would be a personal tutor,apple.jpg
B001AMHWP8,jgmrb,63,20x94x82,Sculpture,88,ACTIVE,A33WFRICMYRPT6,Changes are Subtle.. For Now..,apple.jpg
B001AMLRU4,nxrrs,87,25x66x68,Sculpture,79,ACTIVE,A3U7J61Z9UERWQ,Great features if you have itouch or iphone,apple.jpg
B001AMPP0W,igcsj,7,90x72x7,Other,2,ACTIVE,A3KCKECEO3E2AN,Family pack is a fantastic value,apple.jpg
B001B5J7T8,nbwjt,10,21x21x36,Printmaking,39,ACTIVE,A2H667ZUNLNTF1,Don't give them your home phone!,apple.jpg
B001C31P4Y,jolgc,63,60x44x39,Collage,43,ACTIVE,A1YA56JGZHKNS2,Overall pretty good program,apple.jpg
B001C33V4G,ejmof,98,49x68x47,Printmaking,85,ACTIVE,ABOTQXNUBA1MM,Solid Contender,apple.jpg
B001C31OZY,rcbto,17,16x76x22,Photography,58,ACTIVE,A3FBTJCCNQXW2U,Good performance with a few quirks,apple.jpg
B001CJQGM4,yifbu,23,23x69x54,Painting,85,ACTIVE,APFOCDQF9YXJT,Nero 9 the great Version.,apple.jpg
B001CPCJNS,iyfgq,17,33x76x62,Sculpture,43,ACTIVE,A14HDK1OLFYMVM,"Solid security solution, a little buggy, but very good",apple.jpg
B001CPJHGU,dxcbe,27,32x80x72,Collage,14,ACTIVE,A2DXENZNO2JT4F,Easy to install,apple.jpg
B001CQDOR2,xiwub,52,62x72x51,Printmaking,87,ACTIVE,A38Z11QP8B702T,Low Quality Scans,apple.jpg
B001CU9IKU,alema,14,75x20x89,Collage,89,ACTIVE,A2WM1KL9DQSQ18,Easy to install,apple.jpg
B001CUCZPK,vhiem,66,50x66x20,Printmaking,19,ACTIVE,A1BT6TL7UCIC5Y,Great spyware,apple.jpg
B001D1Q7PM,drsvo,37,6x9x35,Printmaking,98,ACTIVE,A1GNYKVAT4ZHT1,Download Quotes Doesn't Work,apple.jpg
B001D1TEIE,gihfq,70,82x80x56,Other,10,ACTIVE,A2Y03QL006JMF2,general,apple.jpg
B001D1Q7WK,gyblu,85,74x62x2,Drawing,48,ACTIVE,AM13JILBPTHYF,Best Quicken to date,apple.jpg
B001DSGXFY,tsteh,63,30x4x92,Sculpture,22,ACTIVE,A38Z11QP8B702T,Works for me!,apple.jpg
B001E0RZ3U,nphlb,43,55x88x92,Painting,52,ACTIVE,A3TFJE04LTJDLI,Five Stars,apple.jpg
B001E0PZSM,kifvy,72,92x46x87,Drawing,53,ACTIVE,A1GNYKVAT4ZHT1,I really like this product!,apple.jpg
B001E5Q8CO,ypixv,47,2x88x52,Printmaking,23,ACTIVE,A1JJM6COMQOO4Y,Best if Used on its Own Terms,apple.jpg
B001E7788K,foxcb,36,77x62x37,Printmaking,2,ACTIVE,A2F2Y0BJS7V49Y,"Still No Viruses, AND Norton now uses fewer resources",apple.jpg
B001ECGT8A,muxiu,60,39x92x99,Drawing,3,ACTIVE,A3FBTJCCNQXW2U,A long time happy user,apple.jpg
B001EHXOFG,sjlwh,12,92x37x48,Painting,58,ACTIVE,A2QOMZA6Z2S9O0,"Still The Fastest Interface, Some New Features,  Atrocious Tech Support",apple.jpg
B001EJU9ZM,iqihr,75,77x26x34,Drawing,65,ACTIVE,ABOTQXNUBA1MM,Who would have thought unlimited safes could come so cheap!,apple.jpg
B001EJTO8A,dwdax,72,61x88x67,Printmaking,55,ACTIVE,A6U423ORF4SZL,Productive Program with a few bugs,apple.jpg
B001EJQTUG,cemuz,39,16x20x48,Collage,69,ACTIVE,A1MDDJ2XUPZZOE,Good for What it does,apple.jpg
B001EJVQDG,xusng,30,48x93x47,Photography,53,ACTIVE,A2QOMZA6Z2S9O0,X2 without the bugs,apple.jpg
B001ENOVP2,ugksq,37,58x13x36,Painting,78,ACTIVE,A1U1G73EI5IRZF,"Kids age 10 and 13 love it,  non violent and more intellectual than many computer games.",apple.jpg
B001F0RYX0,suiuz,62,6x10x34,Sculpture,22,ACTIVE,A2SMRVTSGNNZF0,HORRIBLE - PC Fix-it Utilities 9 Professional wasted 3 hours & corrupted my machine,apple.jpg
B001F5VBRU,ockfr,10,71x29x28,Collage,89,ACTIVE,A3CW4T7GIS1X9C,VMware - the best in virtualization,apple.jpg
B001GL8UP4,lwgju,14,49x61x11,Other,73,ACTIVE,A19RW25Q6206I3,Turbo Thief,apple.jpg
B001GL8USQ,igqpy,60,7x16x17,Drawing,25,ACTIVE,A1MG5GVUOFFZY5,Buggy,apple.jpg
B001GL6QDM,jzjvo,98,82x95x17,Drawing,63,ACTIVE,A38Z11QP8B702T,Turbo Thief,apple.jpg
B001GL6QHS,qixkv,1,90x36x92,Drawing,23,ACTIVE,A1U1G73EI5IRZF,Four Stars,apple.jpg
B001GLAVVU,fjlqs,64,58x42x92,Other,69,ACTIVE,A14HDK1OLFYMVM,Buggy,apple.jpg
B001HOD50K,vapjh,19,27x5x14,Other,84,ACTIVE,A1U1G73EI5IRZF,"good tax program, meets the needs so far",apple.jpg
B001LQO4P4,zhscd,2,12x18x12,Other,50,ACTIVE,A3TFJE04LTJDLI,not great,apple.jpg
B001O5CUIK,hlyyh,10,99x8x50,Collage,60,ACTIVE,AQZ4PHIEEV5N5,Extremely Useful Application,apple.jpg
B001OLZOW8,ellou,43,13x41x26,Photography,23,ACTIVE,A1BT6TL7UCIC5Y,Lots of extras,apple.jpg
B001ONRN98,nxdre,12,58x59x77,Printmaking,70,ACTIVE,A3FBTJCCNQXW2U,Greed knows no bounds: Turbo tax' sollution to a down ecconomy? Hit us where it hurts,apple.jpg
B001TYYZCA,bvrwi,27,87x9x62,Other,63,ACTIVE,A1MG5GVUOFFZY5,Powerful but Unstable,apple.jpg
B001U3PYLQ,hqiet,75,40x18x88,Photography,26,ACTIVE,A19RW25Q6206I3,I was pleased with the,apple.jpg
B001UO8M8M,qnrok,68,11x77x81,Other,12,ACTIVE,A1YA56JGZHKNS2,Excellent CAD Drawing Program,apple.jpg
B001V9VERW,bvcvr,45,15x5x39,Printmaking,38,ACTIVE,A1BT6TL7UCIC5Y,Secure Surfing,apple.jpg
B001VGZLQ0,vsmhz,10,38x94x89,Photography,52,ACTIVE,A2CZXRWXCCN9JX,Basic multimedia software suite (mixed bag),apple.jpg
B001W2Y5Q0,mtznl,10,98x98x57,Sculpture,15,ACTIVE,AHUT55E980RDR,Great program!,apple.jpg
B0026PEP5S,npbph,60,63x78x28,Other,66,ACTIVE,A3KCKECEO3E2AN,VIPRE AntiVirus = The answer to your computer's security needs!,apple.jpg
B0028N71TU,ftbts,100,58x58x100,Other,22,ACTIVE,AI5OR1HSYXCCL,One on my favorite,apple.jpg
B0028SIKFE,jekwl,58,6x91x49,Printmaking,10,ACTIVE,A1MG5GVUOFFZY5,Not Quite There,apple.jpg
B002ABMVD6,iupsb,14,92x56x72,Painting,85,ACTIVE,A19RW25Q6206I3,"An arduous learning curve, it's suitable only for the highly motivated",apple.jpg
B002ABOYXG,lifkf,89,10x50x40,Photography,16,ACTIVE,A1JJM6COMQOO4Y,I'll stick with Photoshop Elements,apple.jpg
B002CIP12U,kcpeg,55,38x6x58,Photography,24,ACTIVE,A8SPPHKETDZ41,Great way into HDR photography,apple.jpg
B002CMWEY4,spmnz,65,82x37x59,Collage,27,ACTIVE,A6U423ORF4SZL,Very disappointed,apple.jpg
B002DHGMK0,nzyku,18,19x2x76,Other,49,ACTIVE,AQZ4PHIEEV5N5,Worth the Wait,apple.jpg
B002DHGM50,wyznc,60,76x50x31,Photography,6,ACTIVE,AM13JILBPTHYF,Vast improvement over Vista,apple.jpg
B002DHLV8S,ynkbq,94,45x74x74,Sculpture,55,ACTIVE,A2WM1KL9DQSQ18,Here Comes Windows 7,apple.jpg
B002DHLVII,jjzid,61,61x4x81,Drawing,79,ACTIVE,A6U423ORF4SZL,Vast improvement over Vista,apple.jpg
B002DHLUWK,jvwyb,24,8x13x72,Photography,74,ACTIVE,A3CW4T7GIS1X9C,Here Comes Windows 7,apple.jpg
B002EAYJD8,zepxy,19,21x46x92,Printmaking,38,ACTIVE,APFOCDQF9YXJT,Rock solid protection,apple.jpg
B002EAYJEM,mggfg,65,22x17x99,Other,71,ACTIVE,A2SMRVTSGNNZF0,A Good Choice for the Money,apple.jpg
B002EAYJC4,hxyzv,43,4x38x12,Drawing,12,ACTIVE,A3TFJE04LTJDLI,trend Internet Security 2010,apple.jpg
B002I7LYBC,vsgxz,84,47x99x43,Drawing,22,ACTIVE,A1U1G73EI5IRZF,Great software,apple.jpg
B002I7PGT8,owxis,38,28x51x33,Other,49,ACTIVE,A2WM1KL9DQSQ18,Slowdown issues and youtube troubles,apple.jpg
B002IKIHEG,hkken,95,49x56x63,Drawing,82,ACTIVE,A39SHLNGZSJHNJ,No More Will Ferrell Movies!!,apple.jpg
B002J9V9BO,swvgu,79,95x63x78,Collage,15,ACTIVE,A2QOMZA6Z2S9O0,Corel has ruined this program!,apple.jpg
B002J9PNZM,wrktj,57,80x70x94,Collage,28,ACTIVE,A6U423ORF4SZL,"Some cool features, but overall, not recommended",apple.jpg
B002J9PO2E,vaygn,18,84x45x35,Painting,23,ACTIVE,APFOCDQF9YXJT,Aceptable. Limitado,apple.jpg
B002JB1TTO,nsofz,31,4x59x49,Drawing,92,ACTIVE,A4EJM72NKO4YM,GOOD PRODUCT TO SAFEGUARD YOUR COMPUTER,apple.jpg
B002JB3BC2,rflky,8,13x22x41,Printmaking,44,ACTIVE,A3TFJE04LTJDLI,I have this on my work notebook,apple.jpg
B002JB3CUS,pfryd,18,38x65x49,Painting,71,ACTIVE,A6U423ORF4SZL,Better idea than implementation,apple.jpg
B002KIIKCU,uvgzj,12,8x26x11,Photography,70,ACTIVE,A1PMW3A3WBYS23,Stuck on Quicken,apple.jpg
B002LLK5CO,nzqey,44,51x91x82,Other,79,ACTIVE,A1YA56JGZHKNS2,Not very impressed,apple.jpg
B002LTJIAG,dbjre,53,68x10x31,Other,37,ACTIVE,A1JJM6COMQOO4Y,Works OK - But Few New Features,apple.jpg
B002PDPIJI,aqsel,16,76x7x67,Photography,23,ACTIVE,AM13JILBPTHYF,Great product / great price!,apple.jpg
B002PDPIF2,bziev,44,44x53x12,Printmaking,10,ACTIVE,A1WBEIH7Z37LN9,Not much help.,apple.jpg
B002Q72JB8,zncio,60,24x50x44,Drawing,25,ACTIVE,A2DXENZNO2JT4F,"Noticeable Performance Improvements, but 3D Gaming May Be a Bit of a Stretch",apple.jpg
B002RS8FBE,mykig,37,84x40x55,Other,98,ACTIVE,A1PMW3A3WBYS23,Turbo tax Business,apple.jpg
B002SR0QDO,ntzhx,35,55x89x78,Printmaking,55,ACTIVE,AM13JILBPTHYF,Easy to Use--Can Use with Macs and PC's,apple.jpg
B002SR4S0Q,cjyby,94,12x22x74,Photography,82,ACTIVE,A2QK6CWANYGXTB,Five Stars,apple.jpg
B002SRNS7A,yjguz,28,99x61x6,Sculpture,50,ACTIVE,AR7RVZZQDW6B3,Norton Ghost v15--Released?,apple.jpg
B002U0L1BU,rneqo,13,69x58x38,Other,44,ACTIVE,AHUT55E980RDR,Keeps Kids Busy Learning Instead of Being Bored,apple.jpg
B002VPE3FK,gfkft,32,3x73x78,Photography,78,ACTIVE,A3FBTJCCNQXW2U,Four Stars,apple.jpg
B002X8V326,rgmjd,93,13x94x85,Sculpture,4,ACTIVE,A1MG5GVUOFFZY5,Can't Recommend It,apple.jpg
B0039L31JY,qynym,19,26x49x52,Collage,19,ACTIVE,A1PMW3A3WBYS23,Buy the disc version instead - better value + disc for recovery,apple.jpg
B0039L6G00,qttfr,59,32x80x57,Other,53,ACTIVE,A1MDDJ2XUPZZOE,"Worse than Vista, distroys productiviy, buggy, help is terrible.",apple.jpg
B0039L6FK6,uytoz,65,21x99x39,Printmaking,40,ACTIVE,A2SMRVTSGNNZF0,Five Stars,apple.jpg
B0039Y59F0,qgzbe,66,11x74x29,Other,1,ACTIVE,A2H667ZUNLNTF1,Five Stars,apple.jpg
B0039Y58YC,cihqs,52,61x36x12,Photography,67,ACTIVE,AM13JILBPTHYF,Powerful and user friendly!,apple.jpg
B003CIPI9A,dpplq,51,54x69x28,Painting,24,ACTIVE,A33LKRMLTQUWQA,Decent software; wish there were more templates,apple.jpg
B003DS6EQK,arbwl,22,34x62x49,Drawing,68,ACTIVE,A2QOMZA6Z2S9O0,Not bad for 2D,apple.jpg
B003HCA7GA,olcoo,86,83x54x78,Photography,15,ACTIVE,AI5OR1HSYXCCL,"Easy to use, right out of the box",apple.jpg
B003JZN5QO,hnhmp,51,34x84x2,Collage,47,ACTIVE,A1MDDJ2XUPZZOE,I love WInzip,apple.jpg
B003PDMNCC,elvoq,12,24x98x69,Other,86,ACTIVE,A2WM1KL9DQSQ18,Four Stars,apple.jpg
B003SEVL8U,mgzhs,1,63x20x49,Photography,38,ACTIVE,A2N2XU3U2LYUZS,"worked well would use Webroot and have again,",apple.jpg
B003VIVY7G,xdrbk,9,40x91x44,Printmaking,35,ACTIVE,A2QNPH5TJ4QKN7,Extremely unhappy!,apple.jpg
B003VIVYF8,nppws,97,31x15x83,Sculpture,40,ACTIVE,A2N2XU3U2LYUZS,"Nice software, just okay security",apple.jpg
B003VMCBEC,hbimn,74,73x14x55,Photography,81,ACTIVE,A2QK6CWANYGXTB,Great program for in-between Publisher and Adobe,apple.jpg
B003VNCROU,uvcpv,59,97x100x61,Sculpture,17,ACTIVE,A2DXENZNO2JT4F,Don't Buy! Does not work with Windows 7,apple.jpg
B003VNCRNQ,wkxnp,68,81x61x42,Drawing,85,ACTIVE,A14HDK1OLFYMVM,great for people with thinking problems,apple.jpg
B003VTYLI4,trjwj,62,14x10x48,Drawing,97,ACTIVE,A3A5HLFUJ5WU2B,"It's good, very good.",apple.jpg
B003WT1KHI,wwijh,68,44x37x14,Drawing,31,ACTIVE,A1Y85GQ09Y95JL,Kapersky Anti-Virus 2011 3 user..,apple.jpg
B003WVFAO0,dfldu,67,87x79x78,Drawing,57,ACTIVE,A1BT6TL7UCIC5Y,Create It Fun Collection-- Good for Casual Users!,apple.jpg
B003WVFA36,dhlfu,50,68x59x72,Photography,47,ACTIVE,A2DXENZNO2JT4F,PDF Xchange is Cheaper & Faster Alternative to This Slow & Buggy Program,apple.jpg
B003Y6DEOQ,ziwxs,37,25x54x38,Painting,54,ACTIVE,A38Z11QP8B702T,Lots of software for a very reasonable price,apple.jpg
B003YJ78JA,xnevn,26,99x49x70,Drawing,87,ACTIVE,A3CW4T7GIS1X9C,Four Stars,apple.jpg
B003YJ5ESM,kzdsl,87,57x34x57,Sculpture,24,ACTIVE,A1PMW3A3WBYS23,Five Stars,apple.jpg
B003YJ78AE,ihesc,8,93x1x45,Printmaking,87,ACTIVE,A1Y85GQ09Y95JL,Improved Financial Software,apple.jpg
B003YJ5DSS,wfvfu,31,44x30x62,Other,31,ACTIVE,A4EJM72NKO4YM,Good Program,apple.jpg
B003YJ5DKG,bskqz,35,79x66x67,Other,56,ACTIVE,A1YA56JGZHKNS2,Four Stars,apple.jpg
B003YJ8WFE,byrrt,3,51x10x15,Photography,92,ACTIVE,AQZ4PHIEEV5N5,Serious Accounting for the Rest of Us,apple.jpg
B003ZRTDPS,fjjpv,34,85x49x10,Collage,44,ACTIVE,A19RW25Q6206I3,"Works fine, but it isn't Photoshop",apple.jpg
B0041DTNI2,badzj,15,70x88x75,Other,77,ACTIVE,A2QOMZA6Z2S9O0,"Version 2011 not that different than 2010, but both work under Win7 64bit",apple.jpg
B0041DVMZE,fhmlf,50,2x37x61,Printmaking,32,ACTIVE,A2F2Y0BJS7V49Y,Not Simple. Not Intuitive.,apple.jpg
B004230D62,dhvth,18,75x74x94,Drawing,26,ACTIVE,A6U423ORF4SZL,SendStuffNow Premium 1 year,apple.jpg
B0042XZ1I2,sgcgn,34,93x52x32,Painting,63,ACTIVE,A2QOMZA6Z2S9O0,"If you don't want or can't afford an Adobe Suite, get this!",apple.jpg
B0043EV5E4,frsgb,71,71x72x100,Other,71,ACTIVE,A1Y85GQ09Y95JL,Norton 2011,apple.jpg
B0043EV5DU,upssj,44,84x3x79,Drawing,32,ACTIVE,A2F2Y0BJS7V49Y,Norton 2011,apple.jpg
B0043SK9QU,gyvew,28,92x31x73,Drawing,22,ACTIVE,A3TFJE04LTJDLI,Impressions from a very inexperienced newbie,apple.jpg
B0043T8K8I,mkjhe,15,59x93x35,Printmaking,71,ACTIVE,A2F2Y0BJS7V49Y,the Amazon download was not difficult once I realized that some Antivirus products like Spy Sweeper ,apple.jpg
B0043T4IQ6,vyhph,57,60x4x100,Printmaking,45,ACTIVE,A3U7J61Z9UERWQ,Four Stars,apple.jpg
B00440D8PG,htuip,45,2x39x11,Sculpture,17,ACTIVE,A1MDDJ2XUPZZOE,Fantastic Product,apple.jpg
B00440D8OW,fahal,21,86x99x11,Drawing,39,ACTIVE,A2N2XU3U2LYUZS,Five Stars,apple.jpg
B0044DE8KC,hcfqw,32,27x21x50,Drawing,74,ACTIVE,A2SMRVTSGNNZF0,Great for the do-it-yourselfer,apple.jpg
B0045OVQP0,sosnp,3,11x78x66,Printmaking,14,ACTIVE,A3A5HLFUJ5WU2B,APPEARS TO WORK IN SOME WAYS - BUT I'M NOT SURE,apple.jpg
B0045OVQOQ,kxioi,40,70x34x29,Collage,98,ACTIVE,A1PMW3A3WBYS23,"Social media integration, fairly intuitive",apple.jpg
B0046ED0LW,kiurz,78,22x67x65,Sculpture,51,ACTIVE,A2E6P8E66HNRRC,Good with some flaws...,apple.jpg
B0046ED0N0,qhnnf,47,84x51x39,Photography,41,ACTIVE,A5IA80HMZ8P34,Installed on an old laptop...,apple.jpg
B004A7Y0UK,vwdpz,71,18x84x9,Photography,12,ACTIVE,A3FBTJCCNQXW2U,Mostly excellent. Some flaws. Price is nice.,apple.jpg
B004DTLWZ6,zactr,57,81x81x16,Printmaking,88,ACTIVE,A4EJM72NKO4YM,Four Stars,apple.jpg
B004E564PW,aawua,69,35x47x15,Sculpture,45,ACTIVE,A38Z11QP8B702T,The best available,apple.jpg
B004E9SKFA,gqwqs,89,7x79x50,Painting,34,ACTIVE,A1U1G73EI5IRZF,Nice but not very stable.,apple.jpg
B004E9SKE6,yjcfc,55,61x67x5,Sculpture,48,ACTIVE,A8SPPHKETDZ41,Four Stars,apple.jpg
B004I1PWDW,emtbs,10,27x34x61,Painting,49,ACTIVE,A19RW25Q6206I3,The standard for compressing files and installable on two computers,apple.jpg
B004I49NJ8,cwgxn,90,9x19x81,Printmaking,69,ACTIVE,A14HDK1OLFYMVM,Great Software,apple.jpg
B004IKEKWC,kuxjb,19,68x38x22,Painting,34,ACTIVE,A39SHLNGZSJHNJ,Four Stars,apple.jpg
B004M39SN6,ngdbp,83,6x45x23,Sculpture,74,ACTIVE,A14HDK1OLFYMVM,A silly approach to learning a foreign language (plus it's Castillian Spanish),apple.jpg
B004M3EL4W,ndrqn,82,17x12x70,Other,17,ACTIVE,A2N2XU3U2LYUZS,"Excellent as a supplement, not good as a stand-alone",apple.jpg
B004PBG8EC,zncos,97,56x33x22,Sculpture,16,ACTIVE,ABOTQXNUBA1MM,Same as 2010 version?,apple.jpg
B004PIPG2A,trjui,14,46x94x17,Photography,61,ACTIVE,A2Y03QL006JMF2,"Best of Breed - Well, COULD Be.",apple.jpg
B004Q0T0LU,ctrol,70,93x72x82,Printmaking,79,ACTIVE,A2H667ZUNLNTF1,Five Stars,apple.jpg
B004QK8FBG,vzlyp,32,85x57x72,Collage,34,ACTIVE,AO0DSC1DYT834,Hardware Requirement,apple.jpg
B004RPUJ78,mpowx,59,55x84x68,Drawing,70,ACTIVE,A3A5HLFUJ5WU2B,Excellent for 2D Drafting w/ New Features Available,apple.jpg
B004XO6V1G,tcejp,9,63x57x36,Collage,26,ACTIVE,A1MG5GVUOFFZY5,Fun and useful even for a beginner,apple.jpg
B004Y46PAC,dpwjl,85,37x56x79,Collage,53,ACTIVE,AR7RVZZQDW6B3,Not worth it,apple.jpg
B004Y8MKZM,zyjlc,85,43x27x65,Collage,88,ACTIVE,A1MG5GVUOFFZY5,The best security package I have ever used.,apple.jpg
B004YHXXKO,vkooc,77,88x69x57,Drawing,35,ACTIVE,A1U1G73EI5IRZF,Slow And Sluggish on Win 7 64 bit - Works OK on Mac 10.6.7,apple.jpg
B004YTG200,ncwkt,100,94x24x98,Printmaking,32,ACTIVE,AHUT55E980RDR,Good and Useful,apple.jpg
B0050TVAWS,cjnzk,33,43x18x63,Painting,96,ACTIVE,A2N2XU3U2LYUZS,"Finally, M$ released a UEFI hotfix",apple.jpg
B0052VKP0W,ojbrg,42,69x67x55,Other,83,ACTIVE,A1BT6TL7UCIC5Y,"Fun, but time consuming",apple.jpg
B0052VKOYO,jxtgq,32,61x87x84,Collage,84,ACTIVE,A2E6P8E66HNRRC,"Clever, Fun, Affordable",apple.jpg
B0055A7RS8,phhcp,24,71x36x5,Other,61,ACTIVE,AGWFBOF3Y2FRX,Four Stars,apple.jpg
B0056CZATI,xidce,100,56x89x51,Sculpture,39,ACTIVE,A1WBEIH7Z37LN9,Keys work with 2014,apple.jpg
B0056CZC2S,qgils,64,85x91x67,Other,92,ACTIVE,A2CZXRWXCCN9JX,Four Stars,apple.jpg
B00576JM6A,ylgrj,85,85x82x57,Printmaking,54,ACTIVE,AR7RVZZQDW6B3,Nice improvements and a solid financial program for Mac owners.,apple.jpg
B00597EEIS,ousyt,72,89x42x74,Other,21,ACTIVE,A2N2XU3U2LYUZS,"For simple tasks, Corel PDF Fusion is a better bang for the buck",apple.jpg
B005AAWXZ0,bbblw,81,31x86x46,Sculpture,8,ACTIVE,A1Y85GQ09Y95JL,Seems to be working,apple.jpg
B005AAWNBE,ymwoq,29,35x83x67,Painting,90,ACTIVE,A1JJM6COMQOO4Y,Easy install. Worked as expected,apple.jpg
B005AAWP1W,girvh,62,79x38x50,Drawing,30,ACTIVE,A2WM1KL9DQSQ18,Consistent Protection all over my Network,apple.jpg
B005AAWYR2,wuubl,8,74x64x13,Collage,92,ACTIVE,A3RZOPQ42Q50B1,Total protection,apple.jpg
B005AAWXAU,dbthr,1,31x98x7,Printmaking,47,ACTIVE,A1GNYKVAT4ZHT1,Never had a problem with McAfee,apple.jpg
B005AAWLYS,cagss,24,11x33x2,Sculpture,92,ACTIVE,A8SPPHKETDZ41,"Not an easy install, but good program",apple.jpg
B005AAWOT0,vzuwv,60,4x62x53,Sculpture,1,ACTIVE,ANEDXRFDZDL18,THIS IS THE WAY TO GO,apple.jpg
B005CELKLM,swrly,78,17x55x53,Drawing,7,ACTIVE,AHUT55E980RDR,Sucks -- Is it the Program or Win10?,apple.jpg
B005CELL1G,idmgn,54,21x99x52,Painting,64,ACTIVE,A3U7J61Z9UERWQ,They Didn't Screw It Up Much,apple.jpg
B005CELLHK,npmtp,22,11x53x48,Drawing,74,ACTIVE,A4EJM72NKO4YM,"More of the same, no built-in trust maker",apple.jpg
B005CY41BI,cptln,62,6x82x37,Painting,18,ACTIVE,A3FBTJCCNQXW2U,"Works well on most of my stuff, but does not play well with all Apple products.",apple.jpg
B005EJ2ICU,hsahk,58,100x25x19,Photography,74,ACTIVE,A2F2Y0BJS7V49Y,I could not be more disappointed,apple.jpg
B005FDK7J6,fxbld,9,62x14x41,Drawing,69,ACTIVE,A1GNYKVAT4ZHT1,Five Stars,apple.jpg
B005FIWTHO,dhhvr,15,42x73x24,Drawing,37,ACTIVE,A3A5HLFUJ5WU2B,Four Stars,apple.jpg
B005FIWT6U,zovgb,37,13x83x73,Collage,26,ACTIVE,A2QK6CWANYGXTB,My 2 - varied reviews because everyone uses it differently,apple.jpg
B005FIWT7E,idtjx,81,32x87x4,Other,16,ACTIVE,ANEDXRFDZDL18,Nice New Features - With Bugs Yet Again,apple.jpg
B005FIWTMY,ohsph,18,31x44x86,Painting,95,ACTIVE,A39SHLNGZSJHNJ,Ideal for small business,apple.jpg
B005FIWUMS,uklzh,13,51x14x57,Printmaking,35,ACTIVE,A1PMW3A3WBYS23,Four Stars,apple.jpg
B005FIWT74,zfikl,94,98x50x100,Collage,57,ACTIVE,A2CZXRWXCCN9JX,Four Stars,apple.jpg
B005GI19HY,zqira,52,10x79x65,Photography,89,ACTIVE,AM13JILBPTHYF,It worked great for my needs.,apple.jpg
B005GISNLY,mtwrj,28,53x13x73,Sculpture,78,ACTIVE,A3FBTJCCNQXW2U,Great Product!,apple.jpg
B005HTIWIQ,vocof,89,75x99x41,Collage,57,ACTIVE,ANEDXRFDZDL18,CORAL PAINTSHOP,apple.jpg
B005HTIWJ0,lnjpd,77,94x30x42,Photography,35,ACTIVE,A6U423ORF4SZL,Works well for beginners and more advanced users,apple.jpg
B005IB6MM6,zjjql,85,53x68x53,Painting,74,ACTIVE,A2CZXRWXCCN9JX,Good for what I do in education,apple.jpg
B005IIUFYU,lmkky,18,18x91x18,Painting,11,ACTIVE,AGWFBOF3Y2FRX,Print master 18.1,apple.jpg
B005LTV8G0,buhuh,55,55x10x88,Photography,28,ACTIVE,A14HDK1OLFYMVM,Useless for Mac OSX 10.6.4 or before,apple.jpg
B005LXIJ7M,mwdvv,27,8x66x10,Painting,85,ACTIVE,A3TFJE04LTJDLI,It Gets Better Every Time,apple.jpg
B005N2CS00,wulxi,94,95x14x65,Collage,28,ACTIVE,A2QOMZA6Z2S9O0,Unstable syncs of FTM's desktop tree  and Ancestry.com's online trees.,apple.jpg
B005N2CS8M,yxinp,37,75x15x50,Photography,10,ACTIVE,A3TFJE04LTJDLI,Five Stars,apple.jpg
B005N2CSLY,vyaoc,29,47x43x90,Drawing,100,ACTIVE,A38Z11QP8B702T,Not as easy to use as stated (and there are catches),apple.jpg
B005O24CWG,abqhy,37,5x49x85,Sculpture,98,ACTIVE,A33WFRICMYRPT6,BAD VALUE - KNOW WHAT YOU'RE GETTING,apple.jpg
B005S4Y65I,rggqh,40,81x60x87,Collage,11,ACTIVE,A2CZXRWXCCN9JX,"A bit of a rip-off, yet an awesome tool",apple.jpg
B005S4Y3LU,qsozy,23,83x77x48,Other,72,ACTIVE,A4EJM72NKO4YM,Federal only -- no State included,apple.jpg
B005S4Y13K,sqldo,20,83x17x3,Collage,60,ACTIVE,AHUT55E980RDR,TurboTax Without Trip to Store,apple.jpg
B005S4XYX8,mnghn,2,71x47x77,Painting,45,ACTIVE,A6U423ORF4SZL,Great product / great price!,apple.jpg
B005S4Y8TM,qafmb,43,14x34x49,Photography,77,ACTIVE,A19RW25Q6206I3,Turbotax,apple.jpg
B005S7ZLU4,dleri,48,87x13x82,Painting,11,ACTIVE,AR7RVZZQDW6B3,USEFUL ON SECONDARY COMPUTER.,apple.jpg
B00600YX70,fbyan,40,4x68x65,Sculpture,16,ACTIVE,A2E6P8E66HNRRC,Product registration requirement makes this totally undesirable,apple.jpg
B00604ICGO,ybszh,98,98x57x9,Sculpture,64,ACTIVE,A2E6P8E66HNRRC,Tax time.,apple.jpg
B00604ICJG,opcom,38,14x29x57,Printmaking,83,ACTIVE,A30LRB20LJ19OY,Consistently the BEST,apple.jpg
B0064PFB9U,uolux,46,5x66x88,Painting,38,ACTIVE,AQZ4PHIEEV5N5,Excellent product,apple.jpg
B0066H87N8,flxoj,83,25x43x68,Printmaking,45,ACTIVE,A8SPPHKETDZ41,I like to live dangerously,apple.jpg
B0066H890O,xdpxu,93,17x99x24,Drawing,37,ACTIVE,AM13JILBPTHYF,Norton Antivirus,apple.jpg
B0068TJ7OC,vxaxy,70,3x78x8,Drawing,48,ACTIVE,A3U7J61Z9UERWQ,Pleased overall.  Solution to technical download issue included. State return error alert,apple.jpg
B006VRWPYK,qhviv,17,98x99x31,Collage,42,ACTIVE,A5IA80HMZ8P34,Five Stars,apple.jpg
B006WVR9GY,wfslu,22,34x43x87,Printmaking,100,ACTIVE,A2F2Y0BJS7V49Y,MARKETING PLOY?,apple.jpg
B006ZF5W1Q,zqycr,22,33x26x45,Printmaking,94,ACTIVE,AM13JILBPTHYF,Never Purchased This Item,apple.jpg
B0078YKR0O,edtbp,11,76x12x43,Printmaking,54,ACTIVE,A3KCKECEO3E2AN,Buyer Beware,apple.jpg
B0079KJB54,hydco,77,18x43x36,Drawing,4,ACTIVE,ANEDXRFDZDL18,One Star,apple.jpg
B007A7JSMM,zvlrs,12,74x86x30,Drawing,97,ACTIVE,AM13JILBPTHYF,Four Stars,apple.jpg
B004Q0PT3I,kfcrp,35,90x1x17,Printmaking,40,ACTIVE,A2H667ZUNLNTF1,Want a new hobby fixing computers?  Buy Windows 7.,apple.jpg
B007IWCQ8W,rainp,7,18x8x94,Collage,25,ACTIVE,AQZ4PHIEEV5N5,a dream come true!,apple.jpg
B007QYZ08A,ctvbf,74,45x19x81,Drawing,87,ACTIVE,A1YA56JGZHKNS2,Five Stars,apple.jpg
B007UXEF6U,kjiaw,2,61x10x17,Painting,61,ACTIVE,A2SMRVTSGNNZF0,Pretty Cool Idea,apple.jpg
B008414ZYY,poipr,47,34x71x58,Photography,60,ACTIVE,AHUT55E980RDR,Sage 50 offers better inventory management but expensive add-ons make it not so complete.,apple.jpg
B00843U4I8,ykfme,22,32x36x11,Painting,73,ACTIVE,A3CW4T7GIS1X9C,Super Powerful Software,apple.jpg
B00843U55U,slpzc,79,54x39x65,Collage,48,ACTIVE,A3KCKECEO3E2AN,"It is what it is, decent but hard to use",apple.jpg
B008H3SW4I,rstui,83,98x58x50,Photography,53,ACTIVE,AHUT55E980RDR,WIN 8 OS,apple.jpg
B008MR38ZM,pyufj,8,89x11x83,Other,34,ACTIVE,A3RZOPQ42Q50B1,Ok product.,apple.jpg
B008RA5A00,asapo,32,36x78x47,Collage,29,ACTIVE,A1PMW3A3WBYS23,Quicken 2013 Beta Tester,apple.jpg
B008S0J03W,rdjhn,20,22x72x72,Printmaking,43,ACTIVE,AQZ4PHIEEV5N5,Crashes Like a Version 1 Program,apple.jpg
B008S0IE5M,vmmnl,45,78x63x43,Photography,66,ACTIVE,A30LRB20LJ19OY,"A lousy, buggy product since 2002. Go with Moneydance instead.",apple.jpg
B008S0IV9G,cvumn,62,34x90x25,Printmaking,76,ACTIVE,AGWFBOF3Y2FRX,Quick Ship. Thank You !,apple.jpg
B008S0IP38,okmqx,23,41x89x39,Sculpture,96,ACTIVE,A33WFRICMYRPT6,Seamless Upgrade from 2012 to 2013; Mostly the Same,apple.jpg
B008SCNCTI,shxke,5,6x47x59,Collage,29,ACTIVE,ABOTQXNUBA1MM,Three Stars,apple.jpg
B008U5EL5C,fcjeu,95,86x68x26,Painting,53,ACTIVE,A2QNPH5TJ4QKN7,Unstable,apple.jpg
B008XAXAC4,xtgdj,18,81x14x43,Other,18,ACTIVE,ABOTQXNUBA1MM,An alternative to Microsoft Office,apple.jpg
B008YTAKJA,cplec,98,21x67x19,Other,89,ACTIVE,A2QOMZA6Z2S9O0,Works Great With Windows !!  Linux Not So Much !!,apple.jpg
B008YTAGIK,zbjkt,57,7x14x45,Photography,38,ACTIVE,A14HDK1OLFYMVM,Ordered for birthday present,apple.jpg
B009066EOG,knrnr,90,54x81x7,Printmaking,21,ACTIVE,APFOCDQF9YXJT,"Excellent, affordably-priced ""Photoshop for the non-professional-graphics masses"", with more feature",apple.jpg
B009066NOC,akpwz,91,81x71x32,Collage,12,ACTIVE,A1U1G73EI5IRZF,Evolutionary upgrade from X4,apple.jpg
B009066OXC,prsmd,23,44x13x65,Printmaking,42,ACTIVE,APFOCDQF9YXJT,Three Stars,apple.jpg
B00907I8GC,elixw,60,39x14x61,Collage,95,ACTIVE,ANEDXRFDZDL18,Five Stars,apple.jpg
B0092UELR2,qzwhk,45,58x83x74,Collage,72,ACTIVE,ANEDXRFDZDL18,Not to good Office is better.,apple.jpg
B009348X7Q,yausk,44,79x97x87,Photography,52,ACTIVE,A2H667ZUNLNTF1,Five Stars,apple.jpg
B0093H8W4W,qddfn,45,3x20x89,Photography,28,ACTIVE,A2H667ZUNLNTF1,"Good, but...",apple.jpg
B0094NY3R0,wxaki,91,65x85x84,Other,68,ACTIVE,A3FBTJCCNQXW2U,Great,apple.jpg
B0094NXBZ0,wqmzt,4,85x58x67,Drawing,99,ACTIVE,A3RZOPQ42Q50B1,"New Tech for Hardware, New and Old",apple.jpg
B0095C25Y8,trdnx,43,68x4x50,Drawing,23,ACTIVE,A30LRB20LJ19OY,"Like the 2014 version better... BUT I Just Can't Get Over This New Software, I Found A Month Ago !",apple.jpg
B0095CATEG,jgeky,55,43x60x85,Sculpture,82,ACTIVE,A3RZOPQ42Q50B1,WEBROOT works great for me,apple.jpg
B0095CAUN6,ztdnj,82,45x30x54,Collage,14,ACTIVE,A3CW4T7GIS1X9C,Stick with well known programs.,apple.jpg
B0095C09G4,fuhce,38,81x92x30,Drawing,22,ACTIVE,A2F2Y0BJS7V49Y,Really secure,apple.jpg
B009716HMI,mikza,82,52x15x82,Photography,18,ACTIVE,A19RW25Q6206I3,Solid Photo Editing Software,apple.jpg
B009716H7S,khyrz,80,99x56x65,Other,57,ACTIVE,A38Z11QP8B702T,Creative Design Packs Make Professional Looking Videos - Be sure to Install Them,apple.jpg
B009716GWE,csldo,97,8x69x15,Printmaking,10,ACTIVE,A3A5HLFUJ5WU2B,Not up to Vegas Snuff,apple.jpg
B009716H00,xvvre,7,92x1x24,Painting,18,ACTIVE,A2N2XU3U2LYUZS,Very good product,apple.jpg
B009APQH76,xuass,65,79x68x63,Other,11,ACTIVE,ANEDXRFDZDL18,Five Stars,apple.jpg
B009APQ6S6,lscmh,26,25x53x55,Drawing,67,ACTIVE,A1Y85GQ09Y95JL,The AutoCAD revit is an excellent choice ...,apple.jpg
B009CCVMNQ,rqayk,53,54x99x6,Other,43,ACTIVE,A8SPPHKETDZ41,Great product!,apple.jpg
B009CCVMO0,tpenn,86,55x18x97,Collage,6,ACTIVE,A1PMW3A3WBYS23,Turbo Tax 2012,apple.jpg
B009CCVMOU,rxrfm,48,64x42x32,Collage,41,ACTIVE,A1PMW3A3WBYS23,Five Stars,apple.jpg
B009ENDZ4C,gxgwc,100,26x49x23,Collage,13,ACTIVE,A39SHLNGZSJHNJ,"Fast install, easily customizable options!",apple.jpg
B009HBCU9W,uyryu,78,96x86x18,Drawing,24,ACTIVE,A2E6P8E66HNRRC,Buying from Amazon Allow You to Keep TurboTax in your Software Library for Years,apple.jpg
B009HBCZPQ,qhwyq,43,85x24x89,Sculpture,55,ACTIVE,A19RW25Q6206I3,I Love Turbo Tax,apple.jpg
B009HBCH6S,anhum,44,54x72x100,Sculpture,74,ACTIVE,A3A5HLFUJ5WU2B,Five Stars,apple.jpg
B009SPL2K0,dwoch,94,45x93x4,Drawing,6,ACTIVE,A2E6P8E66HNRRC,Much better than previous versions,apple.jpg
B009SPK1DY,zggbs,63,91x74x67,Other,19,ACTIVE,A30LRB20LJ19OY,Five Stars,apple.jpg
B009SPCTFW,xqiip,31,60x47x57,Other,8,ACTIVE,AR7RVZZQDW6B3,Great Product,apple.jpg
B009YYZJDQ,ubtgv,59,85x90x92,Sculpture,100,ACTIVE,ANEDXRFDZDL18,Unusable for me,apple.jpg
B00A6TPHZS,qgihv,67,98x92x14,Sculpture,11,ACTIVE,A2SMRVTSGNNZF0,Junk,apple.jpg
B00AA8GV4G,hxxfk,59,63x57x68,Printmaking,90,ACTIVE,ANEDXRFDZDL18,Fun but overpriced,apple.jpg
B00AM9YXTS,jbyjm,86,72x48x24,Collage,57,ACTIVE,AR7RVZZQDW6B3,Outstanding,apple.jpg
B00AOHDC6I,kwtmy,26,28x13x86,Other,20,ACTIVE,A4EJM72NKO4YM,We got it thinking it was an extention of the ...,apple.jpg
B00B1TEIRU,luhae,13,91x70x10,Drawing,12,ACTIVE,A2CZXRWXCCN9JX,An amazing value for amazing capabilites,apple.jpg
B00B1TGUMG,bbjaw,58,11x31x1,Printmaking,63,ACTIVE,A1PMW3A3WBYS23,"good product, immediate download and install, convenient and accessible.",apple.jpg
B00B1TGMIS,enkxv,47,74x85x7,Drawing,81,ACTIVE,A6U423ORF4SZL,Five Stars,apple.jpg
B00B1TGQCA,uyyle,54,4x92x72,Collage,24,ACTIVE,A3KCKECEO3E2AN,"Not worth the time, effort or money to switch from Office 2010...",apple.jpg
B00BBJPPXG,fwhkl,37,3x20x4,Sculpture,31,ACTIVE,A39SHLNGZSJHNJ,Poor upgrade process,apple.jpg
B00BBJR0SO,yklmq,80,50x7x92,Sculpture,59,ACTIVE,A30LRB20LJ19OY,Pretty Good Computer Clean-Up and Registry Maintainance Utility,apple.jpg
B00BFNCFZ4,yoxdo,100,70x7x63,Photography,34,ACTIVE,A3KCKECEO3E2AN,"Very efficient, well thought out video software",apple.jpg
B00BFNCFXG,qayqz,98,78x14x53,Sculpture,84,ACTIVE,APFOCDQF9YXJT,Worth the upgrade,apple.jpg
B00BKWXNDI,sxzhf,34,58x34x55,Collage,14,ACTIVE,A33WFRICMYRPT6,"good security, surf the web faster",apple.jpg
B00BR082FW,tyexc,51,91x2x11,Collage,37,ACTIVE,A1Y85GQ09Y95JL,"Works Great!  Auto updates in background, set it and forget it.  You will love it! (5 STARS)",apple.jpg
B00C56PM8M,mjjzr,56,51x20x69,Painting,37,ACTIVE,A3FBTJCCNQXW2U,My theatre,apple.jpg
B00CBFRH08,blzoq,21,55x34x17,Other,83,ACTIVE,A5IA80HMZ8P34,"Works, but slows down your computer",apple.jpg
B00CG0CL1S,roieu,31,61x89x48,Other,72,ACTIVE,A1WBEIH7Z37LN9,Great for preschoolers,apple.jpg
B00CNLGOY0,hsmco,95,37x61x8,Painting,60,ACTIVE,A4EJM72NKO4YM,The top of the heap,apple.jpg
B00CNLGONQ,cvnut,84,85x22x14,Other,37,ACTIVE,A2N2XU3U2LYUZS,Best accounting software I've tried,apple.jpg
B00CNLGPMQ,pruud,53,54x94x100,Other,37,ACTIVE,A2Y03QL006JMF2,Best accounting software I've tried,apple.jpg
B00CTTEKJW,bhjjc,95,40x94x23,Printmaking,42,ACTIVE,A33WFRICMYRPT6,you will love it. I put it on my PC and ...,apple.jpg
B00D3CKE2Q,vntna,9,3x52x73,Other,63,ACTIVE,A3A5HLFUJ5WU2B,"Virus protection for unlimited tablets, smartphones, and computers",apple.jpg
B00DFU0ZFW,jrkkb,47,54x26x99,Printmaking,75,ACTIVE,A3A5HLFUJ5WU2B,"A Blast to Use, But Pay Attention to the Requirements!!!",apple.jpg
B00DT04I9W,kysdx,23,16x44x36,Other,68,ACTIVE,A1BT6TL7UCIC5Y,Better than the previous version,apple.jpg
B00E3RH3A6,jkxue,1,12x32x58,Other,45,ACTIVE,A2H667ZUNLNTF1,Five Stars,apple.jpg
B00E5UHRIO,hjiop,5,42x72x77,Other,23,ACTIVE,A2SMRVTSGNNZF0,Highly Recommended!  (5 STARS),apple.jpg
B00E5UHRT8,vwscc,32,38x96x32,Sculpture,57,ACTIVE,AQZ4PHIEEV5N5,But does it really work? Not a whole lot of guidance from Kaspersky.,apple.jpg
B00E6LIEFM,wlvhx,51,90x46x47,Printmaking,18,ACTIVE,APFOCDQF9YXJT,This is the version where Intuit changed what the program ...,apple.jpg
B00E6LJAOG,volqd,14,85x61x29,Collage,74,ACTIVE,A1MG5GVUOFFZY5,Bugs As Usual,apple.jpg
B00E6LJ2SA,kupmh,38,18x73x80,Sculpture,24,ACTIVE,AM13JILBPTHYF,Five Stars,apple.jpg
B00E6LI5NI,fagrv,80,43x69x48,Printmaking,5,ACTIVE,A1Y85GQ09Y95JL,Four Stars,apple.jpg
B00E6LJBUO,utjos,34,69x80x26,Photography,30,ACTIVE,A2QK6CWANYGXTB,Too Scared to Take the Plunge,apple.jpg
B00E6LIECA,eesnj,41,4x43x8,Collage,85,ACTIVE,A1GNYKVAT4ZHT1,An evolutionary upgrade from 2013,apple.jpg
B00E6ONJRM,knlcu,24,98x73x22,Painting,31,ACTIVE,AR7RVZZQDW6B3,Protection without the Annoyances,apple.jpg
B00E6OPDUS,fctyc,18,1x88x21,Collage,87,ACTIVE,A1Y85GQ09Y95JL,PURE JUNK,apple.jpg
B00E6ONJJU,aemep,37,68x49x42,Painting,25,ACTIVE,A1GNYKVAT4ZHT1,Four Stars,apple.jpg
B00E6OPDU8,rrbcz,37,69x36x1,Printmaking,94,ACTIVE,A30LRB20LJ19OY,Seems as good as any other anti-vrius tool,apple.jpg
B00EDSI8HW,olxkq,71,5x19x6,Photography,54,ACTIVE,A5IA80HMZ8P34,"Still no Start Menu, stick with or buy Windows 7",apple.jpg
B00EDSI7QO,qmkyn,60,28x68x43,Painting,82,ACTIVE,A38Z11QP8B702T,"Better than Windows 8, still not better than Windows 7.",apple.jpg
B00EFRMECQ,sefbs,52,30x97x32,Other,65,ACTIVE,A2H667ZUNLNTF1,Stay away from the 2015 version.  They know it doesn't work.,apple.jpg
B00EFRMDW2,dxmls,43,69x79x87,Painting,33,ACTIVE,A3CW4T7GIS1X9C,Five Stars,apple.jpg
B00EFRME1C,qkvwd,16,97x50x67,Printmaking,19,ACTIVE,A33WFRICMYRPT6,Worst software ever,apple.jpg
B00EFRMBA6,xiguc,68,45x1x100,Other,41,ACTIVE,A3CW4T7GIS1X9C,Did the job,apple.jpg
B00ENFVSIQ,hbwqp,32,35x98x14,Drawing,95,ACTIVE,A2N2XU3U2LYUZS,"Excellent software, highly recommended",apple.jpg
B00ENFVLAQ,zljvd,17,8x83x30,Photography,54,ACTIVE,A1GNYKVAT4ZHT1,Upgrade review:  Coherence mode is turning out to be a frustration,apple.jpg
B00ENFYLRQ,iloav,57,91x75x7,Printmaking,23,ACTIVE,A1U1G73EI5IRZF,Five Stars,apple.jpg
B00ENFYLOO,mnvep,24,5x55x76,Printmaking,57,ACTIVE,A2CZXRWXCCN9JX,Five Stars,apple.jpg
B00EOAS4UA,jxmii,36,41x76x91,Other,98,ACTIVE,A2DXENZNO2JT4F,Most intrusive software ever,apple.jpg
B00EOI2SR2,uudek,81,42x50x77,Painting,73,ACTIVE,AM13JILBPTHYF,"No photostitch, so 4.5",apple.jpg
B00EOI2TD0,bhqph,64,12x2x25,Painting,45,ACTIVE,AHUT55E980RDR,"Complicated, other software produces results just as good",apple.jpg
B00EOR3IJK,alxci,59,15x94x52,Printmaking,62,ACTIVE,A3U7J61Z9UERWQ,Very little of value for a small business owner,apple.jpg
B00EP7AP7C,pfrls,51,90x100x81,Printmaking,62,ACTIVE,A1Y85GQ09Y95JL,Pretty Much the Same as Online at Ancestry,apple.jpg
B00EP7AQBC,pjczy,85,8x37x18,Collage,8,ACTIVE,A5IA80HMZ8P34,"Easy to install, a bit more work to enter than I'd like",apple.jpg
B00EXPSW2Q,bysqh,64,94x42x35,Sculpture,59,ACTIVE,A38Z11QP8B702T,crap,apple.jpg
B00EZJRS8E,jktob,73,58x40x76,Drawing,41,ACTIVE,AHUT55E980RDR,Speeds up your typing.,apple.jpg
B00EZKNYXG,aeqpi,56,51x79x74,Photography,96,ACTIVE,AO0DSC1DYT834,I have used webroot for a few years now and ...,apple.jpg
B00EZKNY8G,uxdnb,26,88x32x56,Drawing,58,ACTIVE,A2DXENZNO2JT4F,Much better and cheaper Virus program,apple.jpg
B00EZKNYWC,saeoo,72,6x62x7,Photography,24,ACTIVE,A19RW25Q6206I3,and had some good reviews.,apple.jpg
B00EZPXVWU,ozxym,95,89x38x37,Photography,38,ACTIVE,A1YA56JGZHKNS2,Beware of losing days on your existing subscription,apple.jpg
B00EZPXYP4,bffde,61,40x78x63,Other,88,ACTIVE,A30LRB20LJ19OY,As great as always,apple.jpg
B00EZPXOTA,jenoy,25,58x77x50,Other,33,ACTIVE,A4EJM72NKO4YM,Five Stars,apple.jpg
B00EZQYC8G,yaqge,33,47x6x79,Sculpture,83,ACTIVE,A1JJM6COMQOO4Y,Five Stars,apple.jpg
B00F2BA8U4,stemt,55,45x39x11,Photography,47,ACTIVE,A3A5HLFUJ5WU2B,"Photo editor, yes. Content manager, no, no, no",apple.jpg
B00F2BDP9K,odqtj,37,5x47x82,Collage,2,ACTIVE,A1YA56JGZHKNS2,A Winner,apple.jpg
B00F3ZN2W0,avyqk,77,65x33x1,Printmaking,58,ACTIVE,AHUT55E980RDR,About average for a Windows product = a  luke-warm endorsement,apple.jpg
B00F3ZN0CC,pfzcy,97,75x5x20,Photography,56,ACTIVE,A3TFJE04LTJDLI,Four Stars,apple.jpg
B00F8K9L3Y,bzsdj,65,54x2x37,Other,86,ACTIVE,A2WM1KL9DQSQ18,Five Stars,apple.jpg
B00F8K9MZQ,gucaf,28,27x73x10,Drawing,23,ACTIVE,A1MG5GVUOFFZY5,An excellent buy,apple.jpg
B00F8K9KZS,drrbs,24,41x10x7,Photography,13,ACTIVE,A1MDDJ2XUPZZOE,"Great Product, And Very Easy To Use!",apple.jpg
B00F8K9L66,ghrzg,35,8x47x96,Photography,64,ACTIVE,A2WM1KL9DQSQ18,Don't do taxes without it.,apple.jpg
B00F8K9N32,rkhhd,28,90x82x34,Other,40,ACTIVE,A3TFJE04LTJDLI,Five Stars,apple.jpg
B00F9ZQQ8Q,pvydz,59,50x20x81,Painting,92,ACTIVE,A1JJM6COMQOO4Y,Ease of use the biggest plus,apple.jpg
B00FB5R6L0,eviin,55,41x77x26,Photography,97,ACTIVE,A1MDDJ2XUPZZOE,Just another come on.,apple.jpg
B00FB5R4L2,hychr,47,61x40x83,Other,26,ACTIVE,A14HDK1OLFYMVM,Five Stars,apple.jpg
B00FFINUJK,hrilr,78,33x17x65,Printmaking,69,ACTIVE,A3KCKECEO3E2AN,Five Stars,apple.jpg
B00FFINRG6,xvbvb,72,56x2x15,Collage,70,ACTIVE,A1Y85GQ09Y95JL,TurboTax 2013,apple.jpg
B00FFINOWS,dlmxc,31,21x74x10,Painting,14,ACTIVE,A2H667ZUNLNTF1,You can get the bundle discount on digital downloads of Quicken and Turbo Tax,apple.jpg
B00FFIO0NA,ejvvz,37,35x82x86,Sculpture,53,ACTIVE,A1YA56JGZHKNS2,"Pretty clean, mostly trouble-free (review updated Jan 2014)",apple.jpg
B00FYH8V00,bntsc,59,36x99x99,Printmaking,86,ACTIVE,A2F2Y0BJS7V49Y,No audit so I guess that's good.,apple.jpg
B00FYH8URE,kbwhg,53,44x49x28,Other,44,ACTIVE,A2QOMZA6Z2S9O0,Great,apple.jpg
B00FYH912C,cyhvb,89,76x24x94,Drawing,50,ACTIVE,A39SHLNGZSJHNJ,Fast and easy,apple.jpg
B00FYH8V28,ocayv,54,91x46x56,Collage,58,ACTIVE,A2F2Y0BJS7V49Y,Everthing worked smoothly,apple.jpg
B00FZ0FETC,vzkbs,71,33x28x15,Printmaking,35,ACTIVE,A1YA56JGZHKNS2,WEBROOT works great for me,apple.jpg
B00FZ0E0HE,klwji,36,37x15x46,Other,57,ACTIVE,A2H667ZUNLNTF1,Good antivirus,apple.jpg
B00FZ0FK0U,athnf,82,50x44x33,Collage,13,ACTIVE,A33WFRICMYRPT6,Call Webroot for any issues,apple.jpg
B00G0DY58O,ywbdb,58,1x66x67,Other,22,ACTIVE,AO0DSC1DYT834,Five Stars,apple.jpg
B00G0DXA9Y,cyrlo,62,98x14x82,Sculpture,66,ACTIVE,A2QK6CWANYGXTB,Failure to Install,apple.jpg
B00G0DWF0E,desou,82,91x26x81,Drawing,61,ACTIVE,A2N2XU3U2LYUZS,H&R Block Deluxe Tax Software 2013,apple.jpg
B00G6CLN3Y,qkpdl,14,25x1x55,Printmaking,75,ACTIVE,AR7RVZZQDW6B3,Excellent,apple.jpg
B00GC1ZMYA,fyrwj,49,50x11x47,Painting,3,ACTIVE,A1Y85GQ09Y95JL,Great start to video editing for a novice.....,apple.jpg
B00GDF83SM,bzyzr,85,99x39x31,Collage,66,ACTIVE,A5IA80HMZ8P34,Great for Professionals,apple.jpg
B00GDF84IG,lzifp,16,78x68x78,Photography,1,ACTIVE,A3TFJE04LTJDLI,Why Would You Possibly Need A ZIP Program?,apple.jpg
B00GOUBT6E,fknge,75,44x64x37,Collage,83,ACTIVE,A1MG5GVUOFFZY5,Five Stars,apple.jpg
B00GRFIIHO,mowiw,66,63x73x30,Photography,58,ACTIVE,A5IA80HMZ8P34,Five Stars,apple.jpg
B00H8JLILG,kvcbt,69,63x98x54,Sculpture,10,ACTIVE,A1MDDJ2XUPZZOE,Worthless,apple.jpg
B00H9A60O4,uqldp,77,71x60x51,Printmaking,64,ACTIVE,A2F2Y0BJS7V49Y,Five Stars,apple.jpg
B00H9F7JEY,ptawn,36,38x32x57,Other,100,ACTIVE,A2CZXRWXCCN9JX,love it,apple.jpg
B00HRQB28Y,yoeaw,5,67x1x51,Collage,64,ACTIVE,AI5OR1HSYXCCL,Works great,apple.jpg
B00HV9IM58,qisre,66,79x100x47,Printmaking,95,ACTIVE,A2H667ZUNLNTF1,Easy to use and you get many products with your subscription,apple.jpg
B00IIL0SCS,imuex,74,18x83x9,Sculpture,3,ACTIVE,A19RW25Q6206I3,"Relatively easy, and fast on a 64-bit machine with memory",apple.jpg
B00IIL0S8W,eachk,41,17x51x26,Drawing,7,ACTIVE,A1MG5GVUOFFZY5,PSP x7 is better than previous versions and rivals Adobes Photo Shop,apple.jpg
B00IP93PV4,ndxjs,96,45x69x17,Drawing,55,ACTIVE,A1U1G73EI5IRZF,Not a usuable product,apple.jpg
B00IT6WQDQ,mqjtk,47,33x88x76,Painting,29,ACTIVE,A2WM1KL9DQSQ18,this personal license is good for one computer and two devices. the home version can be installed on,apple.jpg
B00IVFDZBC,cjxgd,11,20x22x34,Other,13,ACTIVE,A2WM1KL9DQSQ18,I'll be switching,apple.jpg
B00J04F9LW,pgchp,93,27x52x56,Other,23,ACTIVE,A33LKRMLTQUWQA,Two Stars,apple.jpg
B00JC5Y4FQ,lazlv,50,68x28x42,Other,76,ACTIVE,A2Y03QL006JMF2,Great!,apple.jpg
B00JC5Y6WM,arxtc,57,14x86x10,Sculpture,88,ACTIVE,A2DXENZNO2JT4F,Power Users Will Like It -- Or Love It,apple.jpg
B00JC5Y6YA,wrcuq,91,73x94x34,Other,93,ACTIVE,A2QOMZA6Z2S9O0,It will be a few years till OpenOffice and Libre Office are as good. I have been using the Open Sour,apple.jpg
B00JHN1MJO,rklae,71,26x62x29,Drawing,19,ACTIVE,APFOCDQF9YXJT,Exceptional Product ...,apple.jpg
B00JHN1MPI,nvjmg,68,11x41x40,Other,9,ACTIVE,A1MG5GVUOFFZY5,Gteat price for three computers,apple.jpg
B00JPKJLWO,tcimj,28,79x76x56,Painting,26,ACTIVE,A1Y85GQ09Y95JL,Five Stars,apple.jpg
B00JZNHU88,txqqn,22,21x43x42,Collage,52,ACTIVE,A33WFRICMYRPT6,"Installs Norton Internet Security and a collection of helpful tools for computers, smartphones and t",apple.jpg
B00JZNHUFQ,mjrem,73,38x95x34,Collage,70,ACTIVE,A2QNPH5TJ4QKN7,Clock Starts Too Soon,apple.jpg
B00K7JFFQ8,irtvq,42,42x2x15,Collage,60,ACTIVE,AGWFBOF3Y2FRX,3-mo membership to Ancestry worth $60 followed by inflated rate,apple.jpg
B00KQV8RNK,lhpru,56,37x88x30,Sculpture,52,ACTIVE,A1WBEIH7Z37LN9,Two Stars,apple.jpg
B00KQV8SWA,dxcho,71,100x98x42,Collage,70,ACTIVE,A2QNPH5TJ4QKN7,In the current version it does not have what I ...,apple.jpg
B00KQV8DJ8,omyzg,79,73x43x75,Photography,25,ACTIVE,ANEDXRFDZDL18,One Star,apple.jpg
B00L13X6QA,pzdhk,16,43x96x69,Sculpture,65,ACTIVE,A3FBTJCCNQXW2U,Easy Install and Product Codes Work,apple.jpg
B00L64Q6SE,qqsfc,40,28x69x24,Sculpture,4,ACTIVE,A39SHLNGZSJHNJ,"Data disk and converting is great, but Video DVD creation is lacking...",apple.jpg
B00LC9UU6C,bshun,23,84x82x32,Collage,46,ACTIVE,AHUT55E980RDR,Good brand and great security,apple.jpg
B00LC9USLO,udtno,17,68x27x84,Printmaking,52,ACTIVE,A2F2Y0BJS7V49Y,Five Stars,apple.jpg
B00LHTRE1G,olbpv,74,37x82x20,Drawing,100,ACTIVE,A3TFJE04LTJDLI,Intrusive,apple.jpg
B00LI95DNG,gtrhf,1,16x70x10,Other,33,ACTIVE,A3CW4T7GIS1X9C,See it in action!,apple.jpg
B00LX4BYV6,ciikg,14,76x67x88,Other,83,ACTIVE,A1BT6TL7UCIC5Y,A fantastic product.,apple.jpg
B00LX4BZAQ,jpemr,93,20x67x68,Photography,55,ACTIVE,A1BT6TL7UCIC5Y,SUCKS ROYALLY!!!,apple.jpg
B00LYYN13O,qxzzv,15,33x40x49,Photography,55,ACTIVE,A4EJM72NKO4YM,"Edits photos just fine, not as powerful as other programs",apple.jpg
B00LYYMX4W,uzatt,53,9x90x53,Sculpture,49,ACTIVE,A30LRB20LJ19OY,"Easy to use, easy to love",apple.jpg
B00LYYMXF6,gxppn,55,65x65x69,Sculpture,71,ACTIVE,A3RZOPQ42Q50B1,"The software has been perfected, you'll need a capture pen and tablet.",apple.jpg
B00LYYMXB0,qqiea,88,78x81x6,Printmaking,35,ACTIVE,A3RZOPQ42Q50B1,Good Tool,apple.jpg
B00M76N6MO,jlavx,33,34x13x8,Other,49,ACTIVE,A1WBEIH7Z37LN9,Two Stars,apple.jpg
B00M9GTEPA,qnqyu,88,49x61x39,Printmaking,53,ACTIVE,A1MDDJ2XUPZZOE,It does what I need; but I RESENT the ...,apple.jpg
B00M9GTL6M,iyjoa,49,7x76x13,Sculpture,3,ACTIVE,A1YA56JGZHKNS2,Buggy piece of garbage,apple.jpg
B00MA5TPN6,bdpqf,85,54x51x9,Sculpture,37,ACTIVE,A1YA56JGZHKNS2,"P10 is good, but I hate the annual upgrade requirement.  Will look for alternatives next year.",apple.jpg
B00MBYLU34,samjw,7,73x85x9,Sculpture,97,ACTIVE,A3CW4T7GIS1X9C,Not a usuable product,apple.jpg
B00MCLGAAO,bpqvl,25,85x30x27,Collage,31,ACTIVE,A3U7J61Z9UERWQ,OK,apple.jpg
B00MHZ71G2,cweuu,65,90x47x47,Collage,59,ACTIVE,A1Y85GQ09Y95JL,Norton finally comes of age.,apple.jpg
B00MHZ6VHM,kjdgu,59,19x51x37,Drawing,80,ACTIVE,A2DXENZNO2JT4F,"Expensive, Next Gen Norton, Catches MALWARE Others Missed, Very Limited IOS App",apple.jpg
B00MHZ6Z64,ubisq,50,88x13x4,Other,37,ACTIVE,A2QK6CWANYGXTB,"Next Gen Norton, CATCHES Malware, BREAKS VirtualBox, LAME IOS App",apple.jpg
B00MILM2FA,npczq,52,28x38x25,Printmaking,34,ACTIVE,ABOTQXNUBA1MM,Consider Going to a Lawyer,apple.jpg
B00MU0LDWW,wcbia,37,50x9x60,Photography,50,ACTIVE,A5IA80HMZ8P34,I still depend on this software if I have to burn my videos on disk.,apple.jpg
B00MUTAY1Y,ywykq,66,69x80x21,Drawing,63,ACTIVE,A33WFRICMYRPT6,Repeated error messages add frustration to activation,apple.jpg
B00MUTIDKI,xvkeo,76,62x77x85,Painting,43,ACTIVE,A3TFJE04LTJDLI,I Trust McAfee,apple.jpg
B00MUY6KY4,sjaaj,62,32x77x71,Photography,74,ACTIVE,A2WM1KL9DQSQ18,Worth the Money,apple.jpg
B00MV9ELBM,ujjwb,40,99x57x9,Other,57,ACTIVE,AO0DSC1DYT834,Intrusive and buggy,apple.jpg
B00MV9EL6M,uudna,25,56x44x96,Printmaking,10,ACTIVE,A5IA80HMZ8P34,Protection for My Mac,apple.jpg
B00MYXUBVE,tsant,37,53x41x66,Drawing,54,ACTIVE,A2SMRVTSGNNZF0,This version of TurboTax puts you at risk.,apple.jpg
B00MYXTCGY,yotvf,54,75x86x63,Photography,98,ACTIVE,AI5OR1HSYXCCL,Turbo Tax does a good job for us,apple.jpg
B00MYXTCNC,ubydx,77,92x4x88,Photography,81,ACTIVE,A2WM1KL9DQSQ18,Excellent Product,apple.jpg
B00MYXTCLO,oarww,32,69x97x1,Sculpture,75,ACTIVE,A2WM1KL9DQSQ18,The best just keeps getting better and easier.,apple.jpg
B00MYXTCIM,bicbn,94,82x100x22,Photography,8,ACTIVE,A6U423ORF4SZL,Additional Tax Savings,apple.jpg
B00MYXTCMI,zvpxi,63,47x97x62,Drawing,52,ACTIVE,A3RZOPQ42Q50B1,Five Stars,apple.jpg
B00N4OLGL6,hsqpq,65,2x83x28,Photography,18,ACTIVE,AR7RVZZQDW6B3,All That Most People Will Ever Need (And a Bit More) ...,apple.jpg
B00N4OLGP2,fakjf,28,21x19x52,Printmaking,22,ACTIVE,A33LKRMLTQUWQA,Installation problems - relatively slow software - constant pausing video playback - Odd user interf,apple.jpg
B00N9MUV96,lestw,29,58x9x18,Collage,86,ACTIVE,A3KCKECEO3E2AN,I bought it and messed up every computer it was ...,apple.jpg
B00NA6LO8I,ovcux,26,36x71x16,Printmaking,62,ACTIVE,A4EJM72NKO4YM,Stay Away From This One!,apple.jpg
B00NASFCDO,tgxck,89,3x52x56,Sculpture,20,ACTIVE,AGWFBOF3Y2FRX,Works Well,apple.jpg
B00ND0E7BW,tufnc,31,8x76x38,Collage,95,ACTIVE,A2CZXRWXCCN9JX,Five Stars,apple.jpg
B00NG7JM62,ofmdb,85,70x64x71,Other,32,ACTIVE,A1YA56JGZHKNS2,This worked well. I will use Turbo Tax again ...,apple.jpg
B00NG7K2RA,xjiax,57,81x33x24,Sculpture,53,ACTIVE,A14HDK1OLFYMVM,Useful for estimating eventual tax,apple.jpg
B00NG7JYYM,iquop,89,48x72x57,Sculpture,52,ACTIVE,A2E6P8E66HNRRC,Good investment,apple.jpg
B00NG7JQHW,fgqnr,46,97x35x39,Painting,47,ACTIVE,A2WM1KL9DQSQ18,"Thanks, TurboTax",apple.jpg
B00NG7JXH0,reoim,33,7x64x16,Painting,67,ACTIVE,AR7RVZZQDW6B3,Five Stars,apple.jpg
B00NG7JVSQ,fgfyw,52,46x6x39,Sculpture,42,ACTIVE,AHUT55E980RDR,Three Stars,apple.jpg
B00NKY4ZCC,qeaum,5,57x92x69,Photography,80,ACTIVE,A2E6P8E66HNRRC,so far Im glad to have it,apple.jpg
B00NMPZ90Q,dnsnv,45,73x86x89,Sculpture,28,ACTIVE,A2DXENZNO2JT4F,See it in Action!,apple.jpg
B00O2KAI2Y,tnwkz,89,72x32x51,Photography,41,ACTIVE,AI5OR1HSYXCCL,The Quality You Have Grown to Expect in Rosetta Stone ...,apple.jpg
B00O66FYU0,dazmy,23,27x62x13,Drawing,68,ACTIVE,A1U1G73EI5IRZF,A subscription to Adobe software,apple.jpg
B00O66G2UQ,tvrtm,55,19x62x7,Photography,41,ACTIVE,A1PMW3A3WBYS23,Creates Defective Bootable Recovery Disk,apple.jpg
B00O66G5PS,qerfa,35,91x83x10,Photography,100,ACTIVE,A1GNYKVAT4ZHT1,Review,apple.jpg
B00OMQLT6C,evrte,11,17x83x31,Photography,43,ACTIVE,A1Y85GQ09Y95JL,"Great features, but bug-ridden. Stick to older versions for now.",apple.jpg
B00OMQLNJK,ruvrh,50,9x47x97,Sculpture,91,ACTIVE,A1PMW3A3WBYS23,"The product is good, but the customer service from Corel is terrible",apple.jpg
B00OSCLQ1S,yfbjs,81,54x42x96,Sculpture,6,ACTIVE,A38Z11QP8B702T,I was pleased with,apple.jpg
B00OSE74RG,iiyay,96,68x46x2,Sculpture,96,ACTIVE,A2N2XU3U2LYUZS,Five Stars,apple.jpg
B00OSDY8PI,cltib,44,97x80x77,Sculpture,30,ACTIVE,A6U423ORF4SZL,works good for me,apple.jpg
B00OSE2638,rkpbg,67,46x39x70,Painting,50,ACTIVE,A2H667ZUNLNTF1,Five Stars,apple.jpg
B00OVT6VKY,shacu,73,48x28x23,Photography,16,ACTIVE,A1GNYKVAT4ZHT1,One Star,apple.jpg
B00OW2PHDM,eqirc,10,82x36x40,Photography,39,ACTIVE,A3KCKECEO3E2AN,Spend the extra money for the better versions.,apple.jpg
B00OW2PJ5I,aupnl,17,58x4x71,Collage,40,ACTIVE,A6U423ORF4SZL,Much better than previous versions,apple.jpg
B00OW2PHF0,cxpgj,2,65x15x89,Painting,31,ACTIVE,A30LRB20LJ19OY,This program is great! I can do almost anything to make a ...,apple.jpg
B00P04JVCO,nlprt,87,67x45x39,Other,30,ACTIVE,A6U423ORF4SZL,Five Stars,apple.jpg
B00P31G9PQ,itwsy,19,86x62x7,Printmaking,80,ACTIVE,A19RW25Q6206I3,Where is the excellence,apple.jpg
B00P6U8BA0,utghu,25,30x95x19,Sculpture,48,ACTIVE,A1WBEIH7Z37LN9,It is great and I like it better than Turbo tax,apple.jpg
B00P6U8B96,uqfha,38,63x2x45,Other,73,ACTIVE,A33WFRICMYRPT6,Easy to use but double check when downloading personal tax data.,apple.jpg
B00P6U8C22,qkydp,46,49x99x96,Other,37,ACTIVE,A2SMRVTSGNNZF0,An Economical Combination of Personal & Business (Partnership for me) with both Federal & CA Filing ,apple.jpg
B00P6U8C5Y,ynymo,75,15x15x76,Photography,35,ACTIVE,A1BT6TL7UCIC5Y,Disappinting.  Unfortuantely we can't get rid of the Evil monopoly of Intuit or Deteriorating Turbo ,apple.jpg
B00PG8FOSY,bpflr,3,78x96x63,Other,98,ACTIVE,A2CZXRWXCCN9JX,Four Stars,apple.jpg
B00PG8FWS6,bkika,97,20x27x8,Drawing,98,ACTIVE,A2QOMZA6Z2S9O0,Five Stars,apple.jpg
B00PG8FFFQ,xyoue,56,83x87x40,Printmaking,54,ACTIVE,A2QNPH5TJ4QKN7,H&R Block is my Preferred Tax Prepar tion software.,apple.jpg
B00PG8G2X0,mgtrh,58,21x62x95,Drawing,27,ACTIVE,A2N2XU3U2LYUZS,Trust Filing,apple.jpg
B00PG8FSYE,mgygg,99,69x78x27,Printmaking,8,ACTIVE,A33LKRMLTQUWQA,My own personal taxman! Saves me money every year ...,apple.jpg
B00PT6GQY4,hhpvl,50,20x71x50,Other,93,ACTIVE,A2QK6CWANYGXTB,good thing i got it for free,apple.jpg
B00Q4LJKLY,ucfvp,11,39x49x50,Sculpture,82,ACTIVE,A1WBEIH7Z37LN9,Have used Turbo tax since starting our rental business. ...,apple.jpg
B00RKZKFUI,cgdcp,84,51x100x41,Collage,1,ACTIVE,AM13JILBPTHYF,Four Stars,apple.jpg
B00S8TYVCI,aowwi,27,97x28x93,Painting,79,ACTIVE,A2WM1KL9DQSQ18,Does not work with Windows,apple.jpg
B00SKYNTA6,vbgme,38,58x13x92,Painting,46,ACTIVE,A33WFRICMYRPT6,Must Try,apple.jpg
B00SOJ3GMS,hbixs,30,67x87x54,Printmaking,93,ACTIVE,A8SPPHKETDZ41,no good.,apple.jpg
B00SWCP8CI,qvmxq,12,2x31x50,Painting,44,ACTIVE,A2QOMZA6Z2S9O0,bad,apple.jpg
B00T0I6J9E,mnlog,20,50x58x23,Drawing,43,ACTIVE,A1PMW3A3WBYS23,"A new version of Corel's Video Editing/Production package, a good deal for home video projects",apple.jpg
B00T0I6J4O,laqrf,57,18x17x41,Other,81,ACTIVE,A2E6P8E66HNRRC,so if it is a good program-I will never know,apple.jpg
B00TKUEGCY,bhgyf,75,85x98x47,Printmaking,28,ACTIVE,A2E6P8E66HNRRC,Five Stars,apple.jpg
B00TRAR53E,kkyht,5,39x82x32,Other,58,ACTIVE,A3RZOPQ42Q50B1,Five Stars,apple.jpg
B00U3LH2P2,xbtuu,39,77x93x19,Photography,32,ACTIVE,A3A5HLFUJ5WU2B,Four Stars,apple.jpg
B00U3H6626,ymvll,39,92x58x64,Printmaking,93,ACTIVE,A2QOMZA6Z2S9O0,Five Stars,apple.jpg
B00U7LCE6A,addjk,29,57x98x30,Collage,4,ACTIVE,A33WFRICMYRPT6,One Star,apple.jpg
B00UB76290,wlnno,36,13x33x78,Drawing,34,ACTIVE,A1BT6TL7UCIC5Y,Not what I needed,apple.jpg
B00UBKB40Y,oyxow,50,86x53x78,Drawing,54,ACTIVE,A30LRB20LJ19OY,good thing i got it for free,apple.jpg
B00UV3VCLC,svrtm,56,77x80x74,Sculpture,44,ACTIVE,A2CZXRWXCCN9JX,Four Stars,apple.jpg
B00UVTEJ7K,yhnvh,73,33x64x60,Painting,16,ACTIVE,A3CW4T7GIS1X9C,Five Stars,apple.jpg
B00VWCKJVA,ihfjl,43,42x14x61,Collage,55,ACTIVE,A1MG5GVUOFFZY5,No 3rd party upgrade option???!!!,apple.jpg
B00W8DIFCM,nuiwb,39,31x83x69,Drawing,34,ACTIVE,AM13JILBPTHYF,Two Stars,apple.jpg
B00WM5WFEK,bwxuv,74,29x21x42,Painting,89,ACTIVE,A2F2Y0BJS7V49Y,PC Mag and other online tech testers rated Panda Free Antivirus 2015 the BEST free antivirus based o,apple.jpg
B00WT85S58,yhxgr,28,24x75x48,Other,72,ACTIVE,A33LKRMLTQUWQA,was not very fond of this selection I was really ...,apple.jpg
B00ZSI7Y3U,qflnh,83,69x24x41,Collage,44,ACTIVE,A4EJM72NKO4YM,Works Great!,apple.jpg
B01019BM7O,udzkf,59,83x11x54,Sculpture,70,ACTIVE,A5IA80HMZ8P34,No problems as usual.,apple.jpg
B01019T6O0,mnubb,36,30x81x47,Photography,62,ACTIVE,A1YA56JGZHKNS2,Win 10 is Painless,apple.jpg
B01019TDJ8,ovowt,57,33x73x65,Collage,90,ACTIVE,A2F2Y0BJS7V49Y,WIn 10 Works,apple.jpg
B010P91LXA,xpmvu,87,30x8x26,Sculpture,61,ACTIVE,A2WM1KL9DQSQ18,McAfee'd Out,apple.jpg
B010P91O4G,eiplh,57,59x34x51,Painting,94,ACTIVE,A6U423ORF4SZL,I bought it and messed up every computer it was ...,apple.jpg
B010P91MAC,ciuvy,19,16x58x23,Photography,37,ACTIVE,A2CZXRWXCCN9JX,Internet Secure?,apple.jpg
B010P91LYY,icmrh,92,66x22x87,Drawing,73,ACTIVE,AQZ4PHIEEV5N5,Four Stars,apple.jpg
B0114ZV22E,usfgx,87,39x17x75,Collage,94,ACTIVE,A1GNYKVAT4ZHT1,"Here we go again folks ,addition by subtraction.",apple.jpg
B011DMUIQY,pxgyd,21,24x68x68,Sculpture,86,ACTIVE,A2F2Y0BJS7V49Y,A necessary evil in its best incarnation yet.,apple.jpg
B011I737WG,yfozr,96,23x32x63,Printmaking,38,ACTIVE,A6U423ORF4SZL,Not cost effective for me,apple.jpg
B011I737YE,qvkwa,73,47x6x77,Collage,11,ACTIVE,A3U7J61Z9UERWQ,Unfortunately it says you must have a previous Sage Accounting ...,apple.jpg
B011I737YO,xvzmp,13,69x30x95,Photography,37,ACTIVE,A33LKRMLTQUWQA,Thus software is easy to use and easy to understand,apple.jpg
B011XO53WQ,hizqd,64,5x81x86,Drawing,17,ACTIVE,A30LRB20LJ19OY,Breaks OpenVPN in Windows 10,apple.jpg
B011XO5JZM,ayyyn,55,12x45x56,Photography,55,ACTIVE,A2QOMZA6Z2S9O0,Five Stars,apple.jpg
B0123C60EW,anaky,94,2x5x82,Collage,76,ACTIVE,A1JJM6COMQOO4Y,You definitely get a large amount of fun and useful features for you money,apple.jpg
B0123C60F6,hwzjs,66,15x9x29,Collage,96,ACTIVE,A2E6P8E66HNRRC,Not working since Mac OS X August Update,apple.jpg
B0123C648Y,jedyh,18,53x60x32,Printmaking,16,ACTIVE,A2CZXRWXCCN9JX,I'm liking this a lot more than I thought I would.,apple.jpg
B0123C60D8,dpzob,43,31x94x12,Other,61,ACTIVE,A39SHLNGZSJHNJ,Update Nags Ughh!,apple.jpg
B012VQNGD8,qjdnt,75,68x91x26,Sculpture,64,ACTIVE,A2Y03QL006JMF2,DONT BOTHER DOWNLOADING!,apple.jpg
B01326J62G,sisps,9,20x68x44,Other,93,ACTIVE,A33WFRICMYRPT6,Big Brother is watching,apple.jpg
B01326J80Q,zldyo,18,40x67x24,Printmaking,47,ACTIVE,AHUT55E980RDR,Five Stars,apple.jpg
B01326J5MC,nzhyb,18,95x93x92,Sculpture,46,ACTIVE,A3KCKECEO3E2AN,One Star,apple.jpg
B013CTP6UY,nphua,87,90x41x88,Printmaking,69,ACTIVE,AQZ4PHIEEV5N5,We Kept It for 100 Days But Now Its Gone,apple.jpg
B013LIFYRQ,jfvpf,52,68x29x11,Photography,7,ACTIVE,APFOCDQF9YXJT,Five Stars,apple.jpg
B013X956R6,ojtzj,6,19x75x77,Other,85,ACTIVE,A1U1G73EI5IRZF,Reliable and Effective,apple.jpg
B0143HYNI0,jwcwi,98,51x48x55,Drawing,100,ACTIVE,A1GNYKVAT4ZHT1,McAfee Total Protection 2016,apple.jpg
B0144BWWTW,zasji,2,75x60x24,Printmaking,99,ACTIVE,A1JJM6COMQOO4Y,One Star,apple.jpg
B0144NY8OW,kjvta,18,30x82x5,Printmaking,66,ACTIVE,A19RW25Q6206I3,Another great Norton product,apple.jpg
B0144NYGJY,hhhim,92,56x95x88,Printmaking,3,ACTIVE,A30LRB20LJ19OY,Asks for credit card for automatic renewal but you have the option to skip that step,apple.jpg
B0144NYEY6,exhnm,87,29x25x7,Sculpture,16,ACTIVE,A2SMRVTSGNNZF0,"Norton Security, My PC's Hero",apple.jpg
B01488541O,pusgk,70,4x24x65,Collage,12,ACTIVE,A3TFJE04LTJDLI,Can make wills for multiple people,apple.jpg
B0148BYIPY,oscar,41,26x65x79,Drawing,32,ACTIVE,A3FBTJCCNQXW2U,"If you are looking to upgrade, or need a copy for a new computer, then you should be fine with Offic",apple.jpg
B0148BYIAO,pbnkh,16,9x70x95,Photography,97,ACTIVE,AHUT55E980RDR,"Clean, super simple download & install",apple.jpg
B01537HQE2,pfawi,25,26x9x47,Painting,88,ACTIVE,A30LRB20LJ19OY,Seems Easy to Use and Packed with Features,apple.jpg
B01537HQS8,mlupi,16,40x75x92,Painting,67,ACTIVE,A1Y85GQ09Y95JL,"So far, working mainly in 740, it's ran smoothly, with easy install & no crashes, love the screen ca",apple.jpg
B0153OLT20,uqbks,5,97x98x29,Collage,34,ACTIVE,A2SMRVTSGNNZF0,Five Stars,apple.jpg
B0153V571W,eyybt,33,20x97x73,Photography,36,ACTIVE,AQZ4PHIEEV5N5,"Works On W10; Big Edit Chages Are Haze Removal & Shake Reduction, Also In Guided Mode",apple.jpg
B0153V62P2,ewlnc,59,17x48x39,Painting,25,ACTIVE,A2QK6CWANYGXTB,Good Software,apple.jpg
B0153V64V4,mtqlq,9,22x83x54,Sculpture,64,ACTIVE,A1Y85GQ09Y95JL,It's an all or nothing install. You can't change ...,apple.jpg
B015610ZB6,zunia,84,12x69x94,Collage,21,ACTIVE,A6U423ORF4SZL,Runs the Processor up to 100% and Uses All the RAM,apple.jpg
B015724OVG,nlfnh,4,94x77x70,Painting,1,ACTIVE,A1MDDJ2XUPZZOE,Symantec got political.,apple.jpg
B015724B8M,klyzw,9,15x55x37,Collage,29,ACTIVE,A5IA80HMZ8P34,Shop Carefully! Deluxe/Premium For 5/10 Devices Often Less Expensive Than THIS 1 Device Version,apple.jpg
B015724V9Q,zdgji,49,26x82x57,Painting,50,ACTIVE,A1PMW3A3WBYS23,Another great Norton product,apple.jpg
B015724RQI,ltuyc,87,81x75x27,Collage,22,ACTIVE,A2CZXRWXCCN9JX,Evolution From Last Year's Norton Security w/Backup: CAN Be Used To Renew For Less! CATCHES Malware ,apple.jpg
B0158RGNR8,wkmrp,52,49x47x14,Drawing,31,ACTIVE,AHUT55E980RDR,Disappointing,apple.jpg
B015C9KOHM,ydkwz,71,1x95x46,Drawing,76,ACTIVE,A1JJM6COMQOO4Y,One of the easier to use security softwares,apple.jpg
B015IHWAZW,hlalj,62,65x51x56,Photography,42,ACTIVE,A3CW4T7GIS1X9C,Four Stars,apple.jpg
B015MI2AYI,zejox,51,50x21x14,Photography,92,ACTIVE,AO0DSC1DYT834,bad !,apple.jpg
B015NXVJY4,rgvzk,38,8x6x49,Photography,95,ACTIVE,A2QNPH5TJ4QKN7,Immersion just like other more expensive brands I've tried,apple.jpg
B015OY6WKS,qtpbk,74,48x81x87,Other,74,ACTIVE,APFOCDQF9YXJT,Five Stars,apple.jpg
B015PIIF80,lsrzc,34,7x16x8,Collage,15,ACTIVE,A5IA80HMZ8P34,"All the options that you'd want, and nice playback while editing",apple.jpg
B015PIIGQ6,ydhtn,26,60x60x49,Collage,96,ACTIVE,A2QOMZA6Z2S9O0,Headaches and exasperation for me trying to utilize this software,apple.jpg
B015SWVD3M,fzdqx,32,6x76x35,Painting,20,ACTIVE,APFOCDQF9YXJT,Five Stars,apple.jpg
B015XDQD4K,kffzm,41,33x37x21,Sculpture,21,ACTIVE,A3U7J61Z9UERWQ,"Blows microsoft movie maker out of the water, this is pretty easy to use with a lot of great control",apple.jpg
B015XDQEHQ,eguno,13,95x70x31,Printmaking,38,ACTIVE,A1MG5GVUOFFZY5,Good evolution of Pinnicle Studio. Stable program for me so far.,apple.jpg
B01617VNYC,peocf,71,24x97x22,Printmaking,70,ACTIVE,A8SPPHKETDZ41,"TurboTax is great, but don't skimp. Buy the version that's right for you. Anything less is a waste o",apple.jpg
B01617VO2S,vrzrb,73,19x79x49,Collage,16,ACTIVE,A2SMRVTSGNNZF0,Makes tax filing almost bearable.,apple.jpg
B01617VVYY,pvamm,97,37x77x77,Sculpture,84,ACTIVE,A3KCKECEO3E2AN,Great Value for a capable Tax Software.,apple.jpg
B01617VPUY,wjhny,63,50x46x28,Printmaking,96,ACTIVE,AO0DSC1DYT834,Happy Happy Joy Joy,apple.jpg
B01617VQJ4,qqvfg,49,77x97x30,Collage,7,ACTIVE,A3U7J61Z9UERWQ,Works Pretty Good for Fairly Complicated Returns,apple.jpg
B01617VVCQ,qllih,54,41x81x8,Painting,83,ACTIVE,A1Y85GQ09Y95JL,I Love It,apple.jpg
B01617VNBK,ncoal,87,50x30x18,Painting,45,ACTIVE,A1GNYKVAT4ZHT1,"Good, solid Tax Program",apple.jpg
B01637ROB6,tbbpn,57,16x56x48,Sculpture,99,ACTIVE,A1MG5GVUOFFZY5,Not happy so far,apple.jpg
B01637RFR4,fxabb,26,90x87x92,Painting,34,ACTIVE,A2SMRVTSGNNZF0,don't buy,apple.jpg
B01637RGG4,dmurb,86,61x35x70,Other,38,ACTIVE,A14HDK1OLFYMVM,Some critical forms NOT included.,apple.jpg
B01637RPPQ,nolxx,68,29x69x31,Drawing,21,ACTIVE,A3TFJE04LTJDLI,2015 H&R Block Business,apple.jpg
B01637RLIW,khxod,2,60x80x16,Printmaking,33,ACTIVE,A1U1G73EI5IRZF,"No problems with the ""first draft"" of the tax return",apple.jpg
B01637RMYU,djutd,17,80x31x85,Printmaking,55,ACTIVE,A3CW4T7GIS1X9C,Smooth sailing,apple.jpg
B01637RHBI,oomar,92,32x28x2,Photography,88,ACTIVE,AGWFBOF3Y2FRX,Three Stars,apple.jpg
B01637RISK,hgggx,92,73x51x31,Drawing,3,ACTIVE,A14HDK1OLFYMVM,I am a yearly user of turbotax,apple.jpg
B0169RGE7U,hlylh,7,85x88x56,Drawing,4,ACTIVE,A2DXENZNO2JT4F,The only software I find useful in this suite is its CD/DVD creation tools -- ...,apple.jpg
B017W85QUQ,hquxa,90,96x19x42,Collage,96,ACTIVE,AQZ4PHIEEV5N5,Five Stars,apple.jpg
B01AC3ZAHW,hjcas,27,1x71x62,Printmaking,51,ACTIVE,A1WBEIH7Z37LN9,Corel continues it's string of solid video editing tools.,apple.jpg
B01AC3ZA7C,xtbpl,26,30x61x74,Drawing,81,ACTIVE,A1BT6TL7UCIC5Y,Powerful Video Editing,apple.jpg
B01CCBESDE,pxbbf,83,18x85x43,Printmaking,44,ACTIVE,A4EJM72NKO4YM,"Vectors, easily.",apple.jpg
B01CS8RSIS,cxwae,73,62x81x27,Sculpture,93,ACTIVE,A1GNYKVAT4ZHT1,Essential for Windows 10,apple.jpg
B01D966WAS,ztefe,13,97x13x55,Printmaking,88,ACTIVE,A3FBTJCCNQXW2U,Two Stars,apple.jpg
B01DEG0SGC,lpfzp,68,41x33x59,Collage,63,ACTIVE,AI5OR1HSYXCCL,GREAT ANIMATION PROGRAM,apple.jpg
B01E6C5D1S,izqmr,62,62x5x37,Collage,27,ACTIVE,A1GNYKVAT4ZHT1,GREAT REGISTRY CLEANER,apple.jpg
B01EB06R10,eyefg,74,69x63x85,Printmaking,12,ACTIVE,A1JJM6COMQOO4Y,A lot of value,apple.jpg
B01EB06QUM,seclj,34,95x54x83,Sculpture,77,ACTIVE,A2SMRVTSGNNZF0,"The Other ""Office""",apple.jpg
B01F4PYHX6,mgaal,39,81x20x17,Printmaking,11,ACTIVE,A19RW25Q6206I3,Great for new drivers!,apple.jpg
B01F7RJHIQ,lhsvw,88,56x50x71,Drawing,7,ACTIVE,AHUT55E980RDR,No real difference to 2007,apple.jpg
B01FFVDY9M,iqgss,46,56x35x81,Sculpture,86,ACTIVE,A38Z11QP8B702T,Powerful Software For Its Price Point,apple.jpg
B01H39M7ME,smnff,11,46x76x26,Painting,15,ACTIVE,A1U1G73EI5IRZF,One Star,apple.jpg
B01HAP3NUG,jgzen,10,75x9x86,Sculpture,47,ACTIVE,A4EJM72NKO4YM,"Not user friendly, and lacks some key features you should be aware of.",apple.jpg
B01HAP47PQ,zqxsr,92,57x49x84,Collage,78,ACTIVE,A8SPPHKETDZ41,Works well for novice users and higher end alike,apple.jpg
B00004W63J,cinpu,99,61x85x66,Sculpture,82,ACTIVE,A8SPPHKETDZ41,I Wouldn't Go Here...,apple.jpg
B000VSDNMI,cjzcs,61,13x39x87,Photography,15,ACTIVE,A1WBEIH7Z37LN9,Outdated Software,apple.jpg
B000VYAL2C,gnexk,97,31x93x82,Drawing,33,ACTIVE,A38Z11QP8B702T,You'll need power to run this,apple.jpg
B000WM1Z46,aaqkr,64,27x95x81,Painting,28,ACTIVE,AHUT55E980RDR,Able to build the tools I need for my job.,apple.jpg
B000XIH9R6,fimjk,65,35x59x51,Other,96,ACTIVE,A2CZXRWXCCN9JX,"It may not be user-friendly, but it is good software",apple.jpg
B00113N12E,sucwn,20,95x36x59,Printmaking,74,ACTIVE,A1U1G73EI5IRZF,Caution for Windows 10 users.,apple.jpg
B0011DM0IK,iyrrf,69,1x61x16,Sculpture,30,ACTIVE,A14HDK1OLFYMVM,Good Starter Program - Recommended,apple.jpg
B0011SFXCK,olcmq,88,22x16x39,Collage,53,ACTIVE,A6U423ORF4SZL,NOT THE LATEST VERSION.,apple.jpg
B0012KW3KM,xdbfv,35,10x88x9,Printmaking,51,ACTIVE,A2F2Y0BJS7V49Y,A veteran user of CorelDraw,apple.jpg
B0012KU9QW,vclja,23,27x52x69,Other,32,ACTIVE,A1MG5GVUOFFZY5,corel draw x4 upgrade,apple.jpg
B00132DENO,paafh,16,31x1x67,Printmaking,33,ACTIVE,A38Z11QP8B702T,Five Stars,apple.jpg
B00149YSUY,wfoyo,82,79x6x52,Painting,47,ACTIVE,A33WFRICMYRPT6,Great software,apple.jpg
B00149YSU4,vqalm,11,96x60x78,Other,100,ACTIVE,AM13JILBPTHYF,I Like It,apple.jpg
B0014A2LJ8,pfmph,56,31x85x57,Printmaking,67,ACTIVE,A39SHLNGZSJHNJ,Works Fine,apple.jpg
B0014A0UDC,ywarp,62,51x80x91,Photography,94,ACTIVE,AQZ4PHIEEV5N5,RIPOFF ALERT!  My child is beyond dissapointed!  Zero stars!,apple.jpg
B0015CA9VW,qwzeg,63,96x41x55,Drawing,64,ACTIVE,A33LKRMLTQUWQA,Vista is much better than folks want to admit,apple.jpg
B0016PT3BK,bwphv,19,66x30x56,Other,50,ACTIVE,A1U1G73EI5IRZF,WISH I COULD GIVE IT ZERO STAR,apple.jpg
B0016XAKZK,bnskn,74,88x32x5,Printmaking,74,ACTIVE,A39SHLNGZSJHNJ,"Potential buyers, check the facts",apple.jpg
B00170IFYU,lhxck,10,98x81x29,Sculpture,81,ACTIVE,AQZ4PHIEEV5N5,You risk losing your data,apple.jpg
B0017U9Q2U,yzhfo,75,42x57x97,Sculpture,60,ACTIVE,A39SHLNGZSJHNJ,Too complicated,apple.jpg
B0017XHKYI,xhcuz,7,47x87x12,Drawing,65,ACTIVE,A2E6P8E66HNRRC,"Lots of fun, even for this old guy",apple.jpg
B0017XHD40,alnhr,42,89x14x5,Other,83,ACTIVE,A2QK6CWANYGXTB,"Adequate reference source, but could be better",apple.jpg
B005IHT91Q,pedjr,77,10x19x18,Collage,96,ACTIVE,A2WM1KL9DQSQ18,AutoCAD for Mac - Finally.,apple.jpg
